AUDUSD;2013.01.08;-60331;-40378;37163
AUDUSD;2013.01.15;-74123;-38923;42611
AUDUSD;2013.01.22;-79677;-39254;42578
AUDUSD;2013.01.29;-62657;-40134;35716
AUDUSD;2013.02.05;-57287;-40163;37735
AUDUSD;2013.02.12;-20411;-41591;39829
AUDUSD;2013.02.19;-9889;-41381;39437
AUDUSD;2013.02.26;13499;-42750;44880
AUDUSD;2013.03.05;25342;-43082;47062
AUDUSD;2013.03.12;6078;-42477;46702
AUDUSD;2013.03.19;-29686;-40315;44446
AUDUSD;2013.03.26;-65767;-36900;53007
AUDUSD;2013.04.02;-62686;-36409;49897
AUDUSD;2013.04.09;-62264;-36846;37653
AUDUSD;2013.04.16;-34221;-37517;40887
AUDUSD;2013.04.23;-4748;-39151;44553
AUDUSD;2013.04.30;-7878;-39004;44419
AUDUSD;2013.05.07;19215;-39794;49287
AUDUSD;2013.05.14;49848;-41598;65542
AUDUSD;2013.05.21;78542;-42538;68401
AUDUSD;2013.05.28;86880;-44171;68836
AUDUSD;2013.06.04;107100;-44437;77659
AUDUSD;2013.06.11;106744;-42596;63318
AUDUSD;2013.06.18;-63521;90900;-27379
AUDUSD;2013.06.25;-61644;89128;-27484
AUDUSD;2013.07.02;-70515;94708;-24193
AUDUSD;2013.07.09;-63255;89350;-26095
AUDUSD;2013.07.16;-70686;94442;-23756
AUDUSD;2013.07.23;-63982;81176;-17194
AUDUSD;2013.07.30;-72573;93881;-21308
AUDUSD;2013.08.06;-76779;102236;-25457
AUDUSD;2013.08.13;-62721;82777;-20056
AUDUSD;2013.08.20;-63183;82549;-19366
AUDUSD;2013.08.27;-71117;90251;-19134
AUDUSD;2013.09.03;-71506;88374;-16868
AUDUSD;2013.09.10;-60032;74740;-14708
AUDUSD;2013.09.17;-27360;38941;-11581
AUDUSD;2013.09.24;-34819;42141;-7322
AUDUSD;2013.10.01;-28804;33563;-4759
AUDUSD;2013.10.08;-26404;33169;-6765
AUDUSD;2013.10.15;-32237;36248;-4011
AUDUSD;2013.10.22;-22111;24160;-2049
AUDUSD;2013.10.29;-23198;20962;2236
AUDUSD;2013.11.05;-25067;27927;-2860
AUDUSD;2013.11.12;-35809;43277;-7468
AUDUSD;2013.11.19;-35762;44478;-8716
AUDUSD;2013.11.26;-33511;44843;-11332
AUDUSD;2013.12.03;-44311;60536;-16225
AUDUSD;2013.12.10;-45850;63679;-17829
AUDUSD;2013.12.24;-54239;72121;-17882
AUDUSD;2013.12.31;-57414;74074;-16660
AUDUSD;2014.01.07;-56852;73202;-16350
AUDUSD;2014.01.14;-51988;65991;-14003
AUDUSD;2014.01.21;-64654;87769;-23115
AUDUSD;2014.01.28;-65723;88485;-22762
AUDUSD;2014.02.04;-55523;75480;-19957
AUDUSD;2014.02.11;-47403;64746;-17343
AUDUSD;2014.02.18;-44398;59175;-14777
AUDUSD;2014.02.25;-38991;54868;-15877
AUDUSD;2014.03.04;-41108;56360;-15252
AUDUSD;2014.03.11;-40850;55343;-14493
AUDUSD;2014.03.18;-24463;30633;-6170
AUDUSD;2014.03.25;-20527;26035;-5508
AUDUSD;2014.04.01;-4880;6118;-1238
AUDUSD;2014.04.08;3310;-2104;-1206
AUDUSD;2014.04.15;8097;-6927;-1170
AUDUSD;2014.04.22;16370;-19980;3610
AUDUSD;2014.04.29;10706;-13324;2618
AUDUSD;2014.05.06;8637;-12583;3946
AUDUSD;2014.05.13;17127;-20418;3291
AUDUSD;2014.05.20;19462;-19699;237
AUDUSD;2014.05.27;15848;-16637;789
AUDUSD;2014.06.03;21527;-22256;729
AUDUSD;2014.06.10;28247;-34179;5932
AUDUSD;2014.06.17;27029;-37008;9979
EURUSD;2013.01.08;-3967;9120;61132
EURUSD;2013.01.15;-24086;9154;60705
EURUSD;2013.01.22;-41528;14232;50136
EURUSD;2013.01.29;-51616;19166;54348
EURUSD;2013.02.05;-65205;22275;46868
EURUSD;2013.02.12;-55724;19299;49727
EURUSD;2013.02.19;-47412;19259;48682
EURUSD;2013.02.26;-16841;10572;62124
EURUSD;2013.03.05;22158;6010;67742
EURUSD;2013.03.12;23057;6834;63119
EURUSD;2013.03.19;43668;-2834;69938
EURUSD;2013.03.26;55028;-9707;68641
EURUSD;2013.04.02;80882;-18736;85413
EURUSD;2013.04.09;72530;-20672;70344
EURUSD;2013.04.16;48857;-21575;60837
EURUSD;2013.04.23;50764;-21308;64986
EURUSD;2013.04.30;35802;-18054;68778
EURUSD;2013.05.07;32380;-16574;67102
EURUSD;2013.05.14;53149;-20218;78867
EURUSD;2013.05.21;77840;-12073;106553
EURUSD;2013.05.28;80937;-15815;102520
EURUSD;2013.06.04;52097;-17198;72123
EURUSD;2013.06.11;7400;-16664;47611
EURUSD;2013.06.18;20030;-15846;-4184
EURUSD;2013.06.25;17357;-16150;-1207
EURUSD;2013.07.02;-16090;27041;-10951
EURUSD;2013.07.09;-40900;62619;-21719
EURUSD;2013.07.16;-37165;60801;-23636
EURUSD;2013.07.23;-27900;40832;-12932
EURUSD;2013.07.30;-8504;23455;-14951
EURUSD;2013.08.06;6061;4302;-10363
EURUSD;2013.08.13;16057;-1924;-14133
EURUSD;2013.08.20;36746;-31181;-5565
EURUSD;2013.08.27;40081;-35868;-4213
EURUSD;2013.09.03;22738;-8641;-14097
EURUSD;2013.09.10;12696;-456;-12240
EURUSD;2013.09.17;31907;-20466;-11441
EURUSD;2013.09.24;65844;-66156;312
EURUSD;2013.10.01;68276;-66863;-1413
EURUSD;2013.10.08;68683;-65673;-3010
EURUSD;2013.10.15;60374;-54358;-6016
EURUSD;2013.10.22;72434;-70600;-1834
EURUSD;2013.10.29;70617;-68878;-1739
EURUSD;2013.11.05;33143;-31653;-1490
EURUSD;2013.11.12;16826;4005;-20831
EURUSD;2013.11.19;8911;9890;-18801
EURUSD;2013.11.26;-431;20998;-20567
EURUSD;2013.12.03;9312;10569;-19881
EURUSD;2013.12.10;15930;2701;-18631
EURUSD;2013.12.24;32172;-19709;-12463
EURUSD;2013.12.31;30589;-20429;-10160
EURUSD;2014.01.07;14498;6279;-20777
EURUSD;2014.01.14;9246;8992;-18238
EURUSD;2014.01.21;-3772;35061;-31289
EURUSD;2014.01.28;14347;8476;-22823
EURUSD;2014.02.04;-13610;40955;-27345
EURUSD;2014.02.11;-6929;25351;-18422
EURUSD;2014.02.18;8599;6587;-15186
EURUSD;2014.02.25;13900;288;-14188
EURUSD;2014.03.04;23452;-10747;-12705
EURUSD;2014.03.11;36385;-22132;-14253
EURUSD;2014.03.18;52991;-38443;-14548
EURUSD;2014.03.25;39634;-23033;-16601
EURUSD;2014.04.01;33238;-14461;-18777
EURUSD;2014.04.08;23300;-5353;-17947
EURUSD;2014.04.15;27688;-9391;-18297
EURUSD;2014.04.22;25774;-6411;-19363
EURUSD;2014.04.29;25734;-5447;-20287
EURUSD;2014.05.06;32551;-15616;-16935
EURUSD;2014.05.13;-2175;19871;-17696
EURUSD;2014.05.20;-9220;31315;-22095
EURUSD;2014.05.27;-16633;41401;-24768
EURUSD;2014.06.03;-33025;60850;-27825
EURUSD;2014.06.10;-57185;87978;-30793
EURUSD;2014.06.17;-61835;92521;-30686
GBPUSD;2013.01.08;-43138;-6577;30039
GBPUSD;2013.01.15;-37994;-6607;29856
GBPUSD;2013.01.22;-7276;-8466;34709
GBPUSD;2013.01.29;19568;-8576;35228
GBPUSD;2013.02.05;37895;-7662;38079
GBPUSD;2013.02.12;53186;-5449;47056
GBPUSD;2013.02.19;73785;-7398;60634
GBPUSD;2013.02.26;103069;-10615;71714
GBPUSD;2013.03.05;122069;-13096;83595
GBPUSD;2013.03.12;127708;-6859;70137
GBPUSD;2013.03.19;100730;-6884;113456
GBPUSD;2013.03.26;103727;-6408;119616
GBPUSD;2013.04.02;101862;-8377;107212
GBPUSD;2013.04.09;99265;-9261;108657
GBPUSD;2013.04.16;94248;-11234;104265
GBPUSD;2013.04.23;92318;-12139;97644
GBPUSD;2013.04.30;75280;-11550;84765
GBPUSD;2013.05.07;70886;-9659;78388
GBPUSD;2013.05.14;71285;-11101;86378
GBPUSD;2013.05.21;97640;-12180;106776
GBPUSD;2013.05.28;103652;-13004;114656
GBPUSD;2013.06.04;101457;-12274;105183
GBPUSD;2013.06.11;72362;-11378;69949
GBPUSD;2013.06.18;-20406;22615;-2209
GBPUSD;2013.06.25;-19429;21781;-2352
GBPUSD;2013.07.02;-31324;46553;-15229
GBPUSD;2013.07.09;-34259;55108;-20849
GBPUSD;2013.07.16;-37446;60256;-22810
GBPUSD;2013.07.23;-49653;66356;-16703
GBPUSD;2013.07.30;-49463;62370;-12907
GBPUSD;2013.08.06;-46033;56196;-10163
GBPUSD;2013.08.13;-46521;55820;-9299
GBPUSD;2013.08.20;-39522;40931;-1409
GBPUSD;2013.08.27;-38226;43762;-5536
GBPUSD;2013.09.03;-43046;47998;-4952
GBPUSD;2013.09.10;-38166;36534;1632
GBPUSD;2013.09.17;-6310;-2655;8965
GBPUSD;2013.09.24;1174;-12372;11198
GBPUSD;2013.10.01;1496;-14773;13277
GBPUSD;2013.10.08;8771;-20998;12227
GBPUSD;2013.10.15;12231;-22978;10747
GBPUSD;2013.10.22;14262;-27976;13714
GBPUSD;2013.10.29;10162;-21936;11774
GBPUSD;2013.11.05;-2392;-8373;10765
GBPUSD;2013.11.12;-9303;1432;7871
GBPUSD;2013.11.19;-1665;-8095;9760
GBPUSD;2013.11.26;391;-12044;11653
GBPUSD;2013.12.03;18369;-35420;17051
GBPUSD;2013.12.10;18429;-36501;18072
GBPUSD;2013.12.24;14420;-34332;19912
GBPUSD;2013.12.31;22781;-45581;22800
GBPUSD;2014.01.07;18178;-36769;18591
GBPUSD;2014.01.14;11160;-28148;16988
GBPUSD;2014.01.21;8720;-23819;15099
GBPUSD;2014.01.28;22172;-40778;18606
GBPUSD;2014.02.04;10951;-20876;9925
GBPUSD;2014.02.11;10672;-23104;12432
GBPUSD;2014.02.18;22323;-40297;17974
GBPUSD;2014.02.25;28802;-49639;20837
GBPUSD;2014.03.04;29605;-49582;19977
GBPUSD;2014.03.11;21999;-41235;19236
GBPUSD;2014.03.18;25536;-39383;13847
GBPUSD;2014.03.25;29724;-42415;12691
GBPUSD;2014.04.01;33572;-46568;12996
GBPUSD;2014.04.08;46477;-62900;16423
GBPUSD;2014.04.15;50598;-70626;20028
GBPUSD;2014.04.22;47800;-67077;19277
GBPUSD;2014.04.29;44234;-65316;21082
GBPUSD;2014.05.06;40646;-64295;23649
GBPUSD;2014.05.13;31755;-54328;22573
GBPUSD;2014.05.20;33090;-49791;16701
GBPUSD;2014.05.27;35304;-51251;15947
GBPUSD;2014.06.03;34974;-45320;10346
GBPUSD;2014.06.10;35842;-51429;15587
GBPUSD;2014.06.17;52596;-72946;20350
USDCAD;2013.01.08;-89408;2241;4642
USDCAD;2013.01.15;-97880;3143;2889
USDCAD;2013.01.22;-86991;510;6724
USDCAD;2013.01.29;-46780;-1043;13700
USDCAD;2013.02.05;-38319;-1563;12451
USDCAD;2013.02.12;-37113;-721;8855
USDCAD;2013.02.19;-26730;-1097;21565
USDCAD;2013.02.26;9702;-1667;59130
USDCAD;2013.03.05;33112;-3086;80859
USDCAD;2013.03.12;41139;-1599;82422
USDCAD;2013.03.19;49406;-2400;96262
USDCAD;2013.03.26;78678;-3065;83950
USDCAD;2013.04.02;79066;-3262;85625
USDCAD;2013.04.09;84727;-2107;91660
USDCAD;2013.04.16;90566;-2440;97645
USDCAD;2013.04.23;88449;-2242;95831
USDCAD;2013.04.30;80374;-1209;88636
USDCAD;2013.05.07;58709;-1249;73624
USDCAD;2013.05.14;44569;-1511;68700
USDCAD;2013.05.21;48923;-2337;57848
USDCAD;2013.05.28;54470;-4021;52640
USDCAD;2013.06.04;63048;-3220;55102
USDCAD;2013.06.11;57964;-2849;43030
USDCAD;2013.06.18;-26087;35220;-9133
USDCAD;2013.06.25;-10638;24355;-13717
USDCAD;2013.07.02;-16250;34170;-17920
USDCAD;2013.07.09;-23829;41388;-17559
USDCAD;2013.07.16;-20043;36810;-16767
USDCAD;2013.07.23;-16758;28405;-11647
USDCAD;2013.07.30;-11434;22382;-10948
USDCAD;2013.08.06;-10436;20864;-10428
USDCAD;2013.08.13;-9081;18628;-9547
USDCAD;2013.08.20;-9544;20939;-11395
USDCAD;2013.08.27;-24959;41187;-16228
USDCAD;2013.09.03;-34639;49279;-14640
USDCAD;2013.09.10;-30942;42413;-11471
USDCAD;2013.09.17;-18764;22859;-4095
USDCAD;2013.09.24;-5675;4208;1467
USDCAD;2013.10.01;-955;-1743;2698
USDCAD;2013.10.08;-8663;10273;-1610
USDCAD;2013.10.15;-10814;16299;-5485
USDCAD;2013.10.22;-5364;5526;-162
USDCAD;2013.10.29;-15237;21521;-6284
USDCAD;2013.11.05;-18002;25167;-7165
USDCAD;2013.11.12;-16092;23532;-7440
USDCAD;2013.11.19;-16335;23221;-6886
USDCAD;2013.11.26;-28780;41002;-12222
USDCAD;2013.12.03;-41583;56430;-14847
USDCAD;2013.12.10;-57514;75430;-17916
USDCAD;2013.12.24;-58432;74109;-15677
USDCAD;2013.12.31;-57956;73939;-15983
USDCAD;2014.01.07;-60542;77670;-17128
USDCAD;2014.01.14;-67345;84311;-16966
USDCAD;2014.01.21;-70327;89804;-19477
USDCAD;2014.01.28;-62789;76169;-13380
USDCAD;2014.02.04;-60300;79252;-18952
USDCAD;2014.02.11;-58928;73633;-14705
USDCAD;2014.02.18;-65000;76670;-11670
USDCAD;2014.02.25;-58591;67859;-9268
USDCAD;2014.03.04;-61096;69874;-8778
USDCAD;2014.03.11;-52191;62995;-10804
USDCAD;2014.03.18;-69805;76337;-6532
USDCAD;2014.03.25;-33215;49979;-16764
USDCAD;2014.04.01;-36994;47728;-10734
USDCAD;2014.04.08;-34307;42727;-8420
USDCAD;2014.04.15;-35426;37842;-2416
USDCAD;2014.04.22;-35455;36085;-630
USDCAD;2014.04.29;-30295;30005;290
USDCAD;2014.05.06;-31600;31716;-116
USDCAD;2014.05.13;-26037;28786;-2749
USDCAD;2014.05.20;-26534;30325;-3791
USDCAD;2014.05.27;-21810;22069;-259
USDCAD;2014.06.03;-22731;25590;-2859
USDCAD;2014.06.10;-24108;28027;-3919
USDCAD;2014.06.17;-21533;9311;12222
USDCHF;2013.01.08;-23460;-962;7840
USDCHF;2013.01.15;-21275;-567;3716
USDCHF;2013.01.22;-11913;-1004;6131
USDCHF;2013.01.29;-8457;-987;5078
USDCHF;2013.02.05;-18275;-1466;7710
USDCHF;2013.02.12;-18180;-1466;6354
USDCHF;2013.02.19;-11162;-1010;10594
USDCHF;2013.02.26;-3275;-996;13743
USDCHF;2013.03.05;5892;-1894;16184
USDCHF;2013.03.12;15696;-1896;10749
USDCHF;2013.03.19;20499;-2274;18893
USDCHF;2013.03.26;22227;-1874;18117
USDCHF;2013.04.02;23292;-1904;19239
USDCHF;2013.04.09;15635;-1960;12800
USDCHF;2013.04.16;-83;-1939;13876
USDCHF;2013.04.23;-1317;-1944;9184
USDCHF;2013.04.30;8298;-1844;13281
USDCHF;2013.05.07;8375;-1811;11419
USDCHF;2013.05.14;23604;-1312;21868
USDCHF;2013.05.21;30387;-1544;25032
USDCHF;2013.05.28;33837;-1530;29711
USDCHF;2013.06.04;31206;-1330;24139
USDCHF;2013.06.11;20742;-1330;15243
USDCHF;2013.06.18;5791;-4129;-1662
USDCHF;2013.06.25;2464;-1894;-570
USDCHF;2013.07.02;-116;2573;-2457
USDCHF;2013.07.09;-1776;9135;-7359
USDCHF;2013.07.16;-4969;11862;-6893
USDCHF;2013.07.23;-5433;8858;-3425
USDCHF;2013.07.30;-1261;3781;-2520
USDCHF;2013.08.06;-325;681;-356
USDCHF;2013.08.13;2136;-2612;476
USDCHF;2013.08.20;291;-3792;3501
USDCHF;2013.08.27;402;-5029;4627
USDCHF;2013.09.03;1059;-2995;1936
USDCHF;2013.09.10;420;1940;-2360
USDCHF;2013.09.17;616;92;-708
USDCHF;2013.09.24;5745;-15688;9943
USDCHF;2013.10.01;6636;-19432;12796
USDCHF;2013.10.08;10415;-26367;15952
USDCHF;2013.10.15;10767;-23264;12497
USDCHF;2013.10.22;10931;-24069;13138
USDCHF;2013.10.29;11451;-25952;14501
USDCHF;2013.11.05;8095;-19813;11718
USDCHF;2013.11.12;3189;-7412;4223
USDCHF;2013.11.19;3669;-6895;3226
USDCHF;2013.11.26;4652;-8588;3936
USDCHF;2013.12.03;6547;-12602;6055
USDCHF;2013.12.10;11998;-20163;8165
USDCHF;2013.12.24;11920;-19038;7118
USDCHF;2013.12.31;10889;-17707;6818
USDCHF;2014.01.07;4727;-8829;4102
USDCHF;2014.01.14;-2941;392;2549
USDCHF;2014.01.21;-1921;4184;-2263
USDCHF;2014.01.28;-441;-1316;1757
USDCHF;2014.02.04;2220;-769;-1451
USDCHF;2014.02.11;555;-1930;1375
USDCHF;2014.02.18;-2828;-4257;7085
USDCHF;2014.02.25;358;-6282;5924
USDCHF;2014.03.04;2168;-10843;8675
USDCHF;2014.03.11;8957;-17946;8989
USDCHF;2014.03.18;15116;-25550;10434
USDCHF;2014.03.25;14819;-22982;8163
USDCHF;2014.04.01;14231;-19982;5751
USDCHF;2014.04.08;11335;-13220;1885
USDCHF;2014.04.15;14066;-19450;5384
USDCHF;2014.04.22;14023;-18889;4866
USDCHF;2014.04.29;13703;-19479;5776
USDCHF;2014.05.06;13184;-25061;11877
USDCHF;2014.05.13;6806;-11429;4623
USDCHF;2014.05.20;5019;-6487;1468
USDCHF;2014.05.27;-3872;4658;-786
USDCHF;2014.06.03;-2012;6403;-4391
USDCHF;2014.06.10;-3030;7995;-4965
USDCHF;2014.06.17;3520;2521;-6041
USDJPY;2013.01.08;68823;43730;101558
USDJPY;2013.01.15;62871;42993;99165
USDJPY;2013.01.22;65107;43541;100032
USDJPY;2013.01.29;76099;44734;109052
USDJPY;2013.02.05;86903;23877;106466
USDJPY;2013.02.12;89637;13219;103317
USDJPY;2013.02.19;91767;13519;104849
USDJPY;2013.02.26;90329;14363;114901
USDJPY;2013.03.05;99324;10608;113932
USDJPY;2013.03.12;120730;7250;117241
USDJPY;2013.03.19;83851;6917;114784
USDJPY;2013.03.26;84365;7694;111404
USDJPY;2013.04.02;74539;7903;101819
USDJPY;2013.04.09;84858;4177;102573
USDJPY;2013.04.16;98127;7302;103400
USDJPY;2013.04.23;85500;5758;87609
USDJPY;2013.04.30;77244;4939;78013
USDJPY;2013.05.07;84610;4910;87505
USDJPY;2013.05.14;94176;1305;97500
USDJPY;2013.05.21;102376;-166;95298
USDJPY;2013.05.28;102539;3116;98970
USDJPY;2013.06.04;84042;7461;86439
USDJPY;2013.06.11;73392;6801;55751
USDJPY;2013.06.18;-61890;97718;-35828
USDJPY;2013.06.25;-61462;87669;-26207
USDJPY;2013.07.02;-70736;103745;-33009
USDJPY;2013.07.09;-80305;114744;-34439
USDJPY;2013.07.16;-85762;116956;-31194
USDJPY;2013.07.23;-87496;120341;-32845
USDJPY;2013.07.30;-82135;107997;-25862
USDJPY;2013.08.06;-80213;107838;-27625
USDJPY;2013.08.13;-74462;100039;-25577
USDJPY;2013.08.20;-71721;93961;-22240
USDJPY;2013.08.27;-78353;97752;-19399
USDJPY;2013.09.03;-79761;110388;-30627
USDJPY;2013.09.10;-95066;130236;-35170
USDJPY;2013.09.17;-88794;122330;-33536
USDJPY;2013.09.24;-92818;126656;-33838
USDJPY;2013.10.01;-82324;110788;-28464
USDJPY;2013.10.08;-57097;86803;-29706
USDJPY;2013.10.15;-59266;87475;-28209
USDJPY;2013.10.22;-71802;98564;-26762
USDJPY;2013.10.29;-62395;91517;-29122
USDJPY;2013.11.05;-73792;108905;-35113
USDJPY;2013.11.12;-95107;138065;-42958
USDJPY;2013.11.19;-112216;155322;-43106
USDJPY;2013.11.26;-123202;168579;-45377
USDJPY;2013.12.03;-133383;176689;-43306
USDJPY;2013.12.10;-129711;170977;-41266
USDJPY;2013.12.24;-143822;185186;-41364
USDJPY;2013.12.31;-135228;176198;-40970
USDJPY;2014.01.07;-128868;169128;-40260
USDJPY;2014.01.14;-118066;152304;-34238
USDJPY;2014.01.21;-114961;147772;-32811
USDJPY;2014.01.28;-86192;113689;-27497
USDJPY;2014.02.04;-76829;105059;-28230
USDJPY;2014.02.11;-78786;106984;-28198
USDJPY;2014.02.18;-79784;111085;-31301
USDJPY;2014.02.25;-85090;111847;-26757
USDJPY;2014.03.04;-79709;108660;-28951
USDJPY;2014.03.11;-99356;129751;-30395
USDJPY;2014.03.18;-61099;81631;-20532
USDJPY;2014.03.25;-68887;96905;-28018
USDJPY;2014.04.01;-88638;123050;-34412
USDJPY;2014.04.08;-87462;114873;-27411
USDJPY;2014.04.15;-68716;90743;-22027
USDJPY;2014.04.22;-67243;91375;-24132
USDJPY;2014.04.29;-70352;98378;-28026
USDJPY;2014.05.06;-60728;82912;-22184
USDJPY;2014.05.13;-64707;89986;-25279
USDJPY;2014.05.20;-53787;68459;-14672
USDJPY;2014.05.27;-59036;80974;-21938
USDJPY;2014.06.03;-74218;107553;-33335
USDJPY;2014.06.10;-82162;114074;-31912
USDJPY;2014.06.17;-68038;95673;-27635
XAGUSD;2013.01.08;28094;-41265;13171
XAGUSD;2013.01.15;28572;-42032;13460
XAGUSD;2013.01.22;31093;-47398;16305
XAGUSD;2013.01.29;34804;-50267;15463
XAGUSD;2013.02.05;35861;-51946;16085
XAGUSD;2013.02.12;32072;-46797;14725
XAGUSD;2013.02.19;26456;-37956;11500
XAGUSD;2013.02.26;21737;-30886;9149
XAGUSD;2013.03.05;18603;-29183;10580
XAGUSD;2013.03.12;18108;-29423;11315
XAGUSD;2013.03.19;15051;-26439;11388
XAGUSD;2013.03.26;11404;-24041;12637
XAGUSD;2013.04.02;8146;-18503;10357
XAGUSD;2013.04.09;7915;-17924;10009
XAGUSD;2013.04.16;17598;-22498;4900
XAGUSD;2013.04.23;15001;-17164;2163
XAGUSD;2013.04.30;12190;-14230;2040
XAGUSD;2013.05.07;13651;-14456;805
XAGUSD;2013.05.14;10794;-13218;2424
XAGUSD;2013.05.21;8815;-11926;3111
XAGUSD;2013.05.28;4591;-8334;3743
XAGUSD;2013.06.04;5356;-8399;3043
XAGUSD;2013.06.11;3703;-5020;1317
XAGUSD;2013.06.18;3904;-5952;2048
XAGUSD;2013.06.25;837;-4093;3256
XAGUSD;2013.07.02;4647;-7769;3122
XAGUSD;2013.07.09;5021;-6898;1877
XAGUSD;2013.07.16;6635;-11322;4687
XAGUSD;2013.07.23;5681;-10113;4432
XAGUSD;2013.07.30;4975;-8307;3332
XAGUSD;2013.08.06;5467;-10300;4833
XAGUSD;2013.08.13;12709;-20276;7567
XAGUSD;2013.08.20;18508;-23274;4766
XAGUSD;2013.08.27;16380;-24374;7994
XAGUSD;2013.09.03;18847;-27363;8516
XAGUSD;2013.09.10;15834;-23498;7664
XAGUSD;2013.09.17;13806;-22254;8448
XAGUSD;2013.09.24;12652;-19621;6969
XAGUSD;2013.10.01;12775;-16645;3870
XAGUSD;2013.10.08;15006;-21266;6260
XAGUSD;2013.10.15;14768;-19273;4505
XAGUSD;2013.10.22;18208;-24885;6677
XAGUSD;2013.10.29;18449;-26136;7687
XAGUSD;2013.11.05;18903;-25834;6931
XAGUSD;2013.11.12;13036;-22629;9593
XAGUSD;2013.11.19;10031;-17464;7433
XAGUSD;2013.11.26;6622;-16428;9806
XAGUSD;2013.12.03;2901;-12165;9264
XAGUSD;2013.12.10;9953;-17532;7579
XAGUSD;2013.12.24;12098;-19686;7588
XAGUSD;2013.12.31;14681;-24772;10091
XAGUSD;2014.01.07;17335;-25529;8194
XAGUSD;2014.01.14;16489;-24809;8320
XAGUSD;2014.01.21;15868;-23951;8083
XAGUSD;2014.01.28;10492;-21033;10541
XAGUSD;2014.02.04;6988;-14852;7864
XAGUSD;2014.02.11;12634;-22417;9783
XAGUSD;2014.02.18;23535;-32853;9318
XAGUSD;2014.02.25;28937;-38985;10048
XAGUSD;2014.03.04;27909;-39769;11860
XAGUSD;2014.03.11;26664;-37634;10970
XAGUSD;2014.03.18;24372;-35900;11528
XAGUSD;2014.03.25;19013;-31755;12742
XAGUSD;2014.04.01;14504;-28442;13938
XAGUSD;2014.04.08;16262;-28905;12643
XAGUSD;2014.04.15;13099;-23294;10195
XAGUSD;2014.04.22;14117;-22773;8656
XAGUSD;2014.04.29;12051;-23356;11305
XAGUSD;2014.05.06;10379;-20349;9970
XAGUSD;2014.05.13;11537;-19434;7897
XAGUSD;2014.05.20;8076;-17597;9521
XAGUSD;2014.05.27;5088;-14230;9142
XAGUSD;2014.06.03;766;-9640;8874
XAGUSD;2014.06.10;4106;-14322;10216
XAGUSD;2014.06.17;13337;-22838;9501
XAUUSD;2013.01.08;142808;-178472;35664
XAUUSD;2013.01.15;145116;-185113;39997
XAUUSD;2013.01.22;151897;-195950;44053
XAUUSD;2013.01.29;126948;-167097;40149
XAUUSD;2013.02.05;137465;-174607;37142
XAUUSD;2013.02.12;126835;-160653;33818
XAUUSD;2013.02.19;103651;-132082;28431
XAUUSD;2013.02.26;116599;-137620;21021
XAUUSD;2013.03.05;107587;-133798;26211
XAUUSD;2013.03.12;114507;-142121;27614
XAUUSD;2013.03.19;135610;-162364;26754
XAUUSD;2013.03.26;132446;-158473;26027
XAUUSD;2013.04.02;120206;-142522;22316
XAUUSD;2013.04.09;119359;-143802;24443
XAUUSD;2013.04.16;128882;-141929;13047
XAUUSD;2013.04.23;104255;-104388;133
XAUUSD;2013.04.30;97052;-95563;-1489
XAUUSD;2013.05.07;89423;-87719;-1704
XAUUSD;2013.05.14;83726;-84146;420
XAUUSD;2013.05.21;80259;-84122;3863
XAUUSD;2013.05.28;56879;-59221;2342
XAUUSD;2013.06.04;61200;-61652;452
XAUUSD;2013.06.11;59005;-58322;-683
XAUUSD;2013.06.18;43692;-44115;423
XAUUSD;2013.06.25;34152;-35208;1056
XAUUSD;2013.07.02;20751;-22776;2025
XAUUSD;2013.07.09;16557;-19041;2484
XAUUSD;2013.07.16;23462;-24607;1145
XAUUSD;2013.07.23;34191;-34696;505
XAUUSD;2013.07.30;28366;-25774;-2592
XAUUSD;2013.08.06;51635;-54159;2524
XAUUSD;2013.08.13;53926;-60874;6948
XAUUSD;2013.08.20;60396;-67665;7269
XAUUSD;2013.08.27;78289;-87638;9349
XAUUSD;2013.09.03;78191;-92461;14270
XAUUSD;2013.09.10;68724;-80224;11500
XAUUSD;2013.09.17;58796;-65337;6541
XAUUSD;2013.09.24;67139;-71527;4388
XAUUSD;2013.10.01;73047;-78128;5081
XAUUSD;2013.10.08;82317;-90416;8099
XAUUSD;2013.10.15;61933;-64824;2891
XAUUSD;2013.10.22;76665;-82148;5483
XAUUSD;2013.10.29;100236;-106787;6551
XAUUSD;2013.11.05;91136;-93900;2764
XAUUSD;2013.11.12;61352;-65785;4433
XAUUSD;2013.11.19;48120;-51515;3395
XAUUSD;2013.11.26;26555;-28236;1681
XAUUSD;2013.12.03;22691;-22299;-392
XAUUSD;2013.12.10;26380;-28962;2582
XAUUSD;2013.12.24;27339;-26518;-821
XAUUSD;2013.12.31;32223;-33021;798
XAUUSD;2014.01.07;38887;-41884;2997
XAUUSD;2014.01.14;44013;-45255;1242
XAUUSD;2014.01.21;46583;-46091;-492
XAUUSD;2014.01.28;66341;-64979;-1362
XAUUSD;2014.02.04;64939;-65782;843
XAUUSD;2014.02.11;71201;-72654;1453
XAUUSD;2014.02.18;84631;-91751;7120
XAUUSD;2014.02.25;109464;-116663;7199
XAUUSD;2014.03.04;115166;-121149;5983
XAUUSD;2014.03.11;118890;-125367;6477
XAUUSD;2014.03.18;136814;-145934;9120
XAUUSD;2014.03.25;117317;-127621;10304
XAUUSD;2014.04.01;100145;-114029;13884
XAUUSD;2014.04.08;88599;-101743;13144
XAUUSD;2014.04.15;79292;-87605;8313
XAUUSD;2014.04.22;81833;-90526;8693
XAUUSD;2014.04.29;85227;-97171;11944
XAUUSD;2014.05.06;97956;-110471;12515
XAUUSD;2014.05.13;91634;-102321;10687
XAUUSD;2014.05.20;96491;-106010;9519
XAUUSD;2014.05.27;73391;-78638;5247
XAUUSD;2014.06.03;59151;-63444;4293
XAUUSD;2014.06.10;61127;-63150;2023
XAUUSD;2014.06.17;78295;-78325;30
USDCAD;2014.06.24;-5320;4540;780
USDCHF;2014.06.24;-5372;8605;-3233
GBPUSD;2014.06.24;49751;-68896;19145
USDJPY;2014.06.24;-71223;97178;-25955
EURUSD;2014.06.24;-57503;90665;-33162
AUDUSD;2014.06.24;33463;-41939;8476
XAGUSD;2014.06.24;24507;-29673;13567
XAUUSD;2014.06.24;99930;-38143;10748
USDCAD;2014.07.01;2695;-9323;6628
USDCHF;2014.07.01;-7260;9835;-2575
GBPUSD;2014.07.01;56412;-75297;18885
USDJPY;2014.07.01;-58686;73363;-14677
EURUSD;2014.07.01;-60776;91369;-30593
AUDUSD;2014.07.01;38879;-49105;10226
XAGUSD;2014.07.01;36202;-29800;11656
XAUUSD;2014.07.01;125954;-52321;14430
USDCAD;2014.07.08;10295;-20698;10403
USDCHF;2014.07.08;-6813;9827;-3014
GBPUSD;2014.07.08;41639;-89172;20670
USDJPY;2014.07.08;-66375;84930;-18555
EURUSD;2014.07.08;-59265;96910;-37645
AUDUSD;2014.07.08;36603;-42635;6032
XAGUSD;2014.07.08;43951;-32773;10137
XAUUSD;2014.07.08;133776;-57735;15982
USDCAD;2014.07.15;15621;-24024;8403
USDCHF;2014.07.15;-6262;10754;-4492
GBPUSD;2014.07.15;38770;-60291;21521
USDJPY;2014.07.15;-62948;81936;-18988
EURUSD;2014.07.15;-62846;103409;-40563
AUDUSD;2014.07.15;39743;-43750;4007
XAGUSD;2014.07.15;45943;-35104;9418
XAUUSD;2014.07.15;122087;-55127;14448
USDCAD;2014.07.22;20581;-26406;5825
USDCHF;2014.07.22;-7380;15450;-8070
GBPUSD;2014.07.22;27497;-44883;17386
USDJPY;2014.07.22;-53916;73136;-19220
EURUSD;2014.07.22;-88823;130995;-42172
AUDUSD;2014.07.22;38793;-47080;8287
XAGUSD;2014.07.22;45050;-34163;10822
XAUUSD;2014.07.22;125726;-57317;14045
USDCAD;2014.07.29;22691;-31094;4184
USDCHF;2014.07.29;-11764;22874;-11110
GBPUSD;2014.07.29;24910;-37541;12631
USDJPY;2014.07.29;-73069;98799;-25730
EURUSD;2014.07.29;-108075;155583;-47508
AUDUSD;2014.07.29;39606;-45980;6374
XAGUSD;2014.07.29;40467;-32868;12471
XAUUSD;2014.07.29;108630;-55579;9779
USDCAD;2014.08.05;21455;-19784;-1671
USDCHF;2014.08.05;-18853;35202;-16349
GBPUSD;2014.08.05;12121;-20209;8088
USDJPY;2014.08.05;-95399;134500;-39101
EURUSD;2014.08.05;-128747;179044;-50297
AUDUSD;2014.08.05;33300;-34752;1452
XAGUSD;2014.08.05;28559;-30896;13840
XAUUSD;2014.08.05;90679;-47534;10179
USDCAD;2014.08.12;17998;-13660;-4338
USDCHF;2014.08.12;-17359;34731;-17372
GBPUSD;2014.08.12;18799;-23466;4667
USDJPY;2014.08.12;-81097;111928;-30831
EURUSD;2014.08.12;-126017;175354;-49337
AUDUSD;2014.08.12;29546;-29447;-99
XAGUSD;2014.08.12;22035;-27816;14029
XAUUSD;2014.08.12;116427;-55376;13006
USDCAD;2014.08.19;7281;-3342;-3939
USDCHF;2014.08.19;-15492;31753;-16261
GBPUSD;2014.08.19;13287;-16001;2714
USDJPY;2014.08.19;-87271;127342;-40071
EURUSD;2014.08.19;-138825;189646;-50821
AUDUSD;2014.08.19;36574;-39181;2607
XAGUSD;2014.08.19;16049;-25149;13232
XAUUSD;2014.08.19;103205;-54103;9686
USDCAD;2014.08.26;5663;-3454;-2209
USDCHF;2014.08.26;-13039;30176;-17137
GBPUSD;2014.08.26;15467;-17413;1946
USDJPY;2014.08.26;-102891;149114;-46223
EURUSD;2014.08.26;-150657;196098;-45441
AUDUSD;2014.08.26;41938;-44604;2666
XAGUSD;2014.08.26;14063;-24903;14795
XAUUSD;2014.08.26;81182;-42159;10379
USDCAD;2014.09.02;9191;-9374;183
USDCHF;2014.09.02;-13167;32273;-19106
GBPUSD;2014.09.02;9448;-7550;-1898
USDJPY;2014.09.02;-117308;163431;-46123
EURUSD;2014.09.02;-161423;208964;-47541
AUDUSD;2014.09.02;49047;-51058;2011
XAGUSD;2014.09.02;7521;-23326;12740
XAUUSD;2014.09.02;62918;-38411;6828
USDCAD;2014.09.09;11630;-6359;-5271
USDCHF;2014.09.09;-13825;33035;-19210
GBPUSD;2014.09.09;26727;-17678;-9049
USDJPY;2014.09.09;-100673;147179;-46506
EURUSD;2014.09.09;-157505;208907;-51402
AUDUSD;2014.09.09;41229;-42002;773
XAGUSD;2014.09.09;4222;-23113;13416
XAUUSD;2014.09.09;60207;-38749;2814
USDCAD;2014.09.16;7544;3203;-10747
USDCHF;2014.09.16;-11396;31357;-19961
GBPUSD;2014.09.16;-6581;15775;-9194
USDJPY;2014.09.16;-83182;130226;-47044
EURUSD;2014.09.16;-137149;189246;-52097
AUDUSD;2014.09.16;22140;-11587;-10553
XAGUSD;2014.09.16;-1703;-19354;12647
XAUUSD;2014.09.16;40295;-32983;4056
USDCAD;2014.09.23;3064;6568;-9632
USDCHF;2014.09.23;-13375;31297;-17922
GBPUSD;2014.09.23;-1050;13234;-12184
USDJPY;2014.09.23;-105422;146783;-41361
EURUSD;2014.09.23;-141965;190836;-48871
AUDUSD;2014.09.23;8347;562;-8909
XAGUSD;2014.09.23;-1090;-18509;7945
XAUUSD;2014.09.23;30130;-30839;435
USDCAD;2014.09.30;-4566;14158;-9592
USDCHF;2014.09.30;-12557;31164;-18607
GBPUSD;2014.09.30;3589;3170;-6759
USDJPY;2014.09.30;-120878;162477;-41599
EURUSD;2014.09.30;-137525;187221;-49696
AUDUSD;2014.09.30;-2017;17048;-15031
XAGUSD;2014.09.30;-2556;-18626;8835
XAUUSD;2014.09.30;30923;-31803;-4141
USDCAD;2014.10.07;-7452;20631;-13179
USDCHF;2014.10.07;-12419;31322;-18903
GBPUSD;2014.10.07;-1075;10876;-9801
USDJPY;2014.10.07;-112551;148442;-35891
EURUSD;2014.10.07;-146212;199314;-53102
AUDUSD;2014.10.07;-26486;45107;-18621
XAGUSD;2014.10.07;-2921;-17939;7298
XAUUSD;2014.10.07;29863;-30918;-3040
USDCAD;2014.10.14;-16167;29793;-13626
USDCHF;2014.10.14;-17553;36516;-18963
GBPUSD;2014.10.14;-2837;15351;-12514
USDJPY;2014.10.14;-101147;139162;-38015
EURUSD;2014.10.14;-155342;204766;-49424
AUDUSD;2014.10.14;-30271;47220;-16949
XAGUSD;2014.10.14;-4719;-17426;8523
XAUUSD;2014.10.14;42196;-32459;-6592
_NQ100;2014.10.07;12850;-15498;2647
_NQ100;2014.10.14;12850;-15498;2647
_SP500;2014.10.07;4872;-38789;33916
_SP500;2014.10.14;4872;-38789;33916
USDCAD;2014.10.21;-21534;36770;-15236
USDCHF;2014.10.21;-17862;34978;-17116
GBPUSD;2014.10.21;-4485;16808;-12323
USDJPY;2014.10.21;-71738;106932;-35194
EURUSD;2014.10.21;-159371;208041;-48670
AUDUSD;2014.10.21;-31509;48774;-17265
_NQ100;2014.10.21;7965;-10534;2569
_SP500;2014.10.21;-13254;-11233;24487
XAGUSD;2014.10.21;-4860;-18021;7760
XAUUSD;2014.10.21;62488;-44915;-3086
USDCAD;2014.10.28;-21405;34245;-12840
USDCHF;2014.10.28;-20283;36303;-16020
GBPUSD;2014.10.28;-6247;13879;-7632
USDJPY;2014.10.28;-67399;101207;-33808
EURUSD;2014.10.28;-165707;212385;-46678
AUDUSD;2014.10.28;-33851;46028;-12177
_NQ100;2014.10.28;9604;-13142;3539
_SP500;2014.10.28;-11761;-13772;25533
XAGUSD;2014.10.28;-5677;-17890;8223
XAUUSD;2014.10.28;60067;-49815;-1875
USDCAD;2014.11.04;-19415;35667;-16252
USDCHF;2014.11.04;-20221;37939;-17718
GBPUSD;2014.11.04;-7462;19005;-11543
USDJPY;2014.11.04;-71651;115836;-44185
EURUSD;2014.11.04;-179021;237293;-58272
AUDUSD;2014.11.04;-38268;55660;-17392
_NQ100;2014.11.04;9752;-13559;3807
_SP500;2014.11.04;-3555;-20294;23850
XAGUSD;2014.11.04;-1422;-19032;5466
XAUUSD;2014.11.04;38805;-37790;-7918
USDCAD;2014.11.11;-21846;36011;-14165
USDCHF;2014.11.11;-22675;38149;-15474
GBPUSD;2014.11.11;-12891;23677;-10786
USDJPY;2014.11.11;-82563;124473;-41910
EURUSD;2014.11.11;-163893;222948;-59055
AUDUSD;2014.11.11;-38027;58678;-20651
_NQ100;2014.11.11;15012;-18273;3262
_SP500;2014.11.11;4543;-28666;24122
XAGUSD;2014.11.11;2247;-19328;7180
XAUUSD;2014.11.11;30615;-37863;-6019
USDCAD;2014.11.18;-19517;34953;-15436
USDCHF;2014.11.18;-22116;37287;-15171
GBPUSD;2014.11.18;-22829;36573;-13744
USDJPY;2014.11.18;-92454;132835;-40381
EURUSD;2014.11.18;-168730;224064;-55334
AUDUSD;2014.11.18;-37602;55239;-17637
_NQ100;2014.11.18;15325;-18153;2829
_SP500;2014.11.18;11683;-37902;26220
XAGUSD;2014.11.18;4788;-18092;6613
XAUUSD;2014.11.18;48400;-40252;-10425
USDCAD;2014.11.25;-16341;29317;-12976
USDCHF;2014.11.25;-23424;37111;-13687
GBPUSD;2014.11.25;-30666;47825;-17159
USDJPY;2014.11.25;-104380;146983;-42603
EURUSD;2014.11.25;-165080;222035;-56955
AUDUSD;2014.11.25;-44088;59146;-15058
_NQ100;2014.11.25;13342;-15542;2201
_SP500;2014.11.25;6138;-28663;22525
XAGUSD;2014.11.25;9912;-22215;6587
XAUUSD;2014.11.25;54450;-36762;-7722
USDCAD;2014.12.02;-18389;33272;-14883
USDCHF;2014.12.02;-22922;37170;-14248
GBPUSD;2014.12.02;-31014;49426;-18412
USDJPY;2014.12.02;-111160;156750;-45590
EURUSD;2014.12.02;-159279;214886;-55607
AUDUSD;2014.12.02;-41110;58769;-17659
_NQ100;2014.12.02;14544;-17245;2700
_SP500;2014.12.02;16254;-39903;23648
XAGUSD;2014.12.02;15647;-22360;4995
XAUUSD;2014.12.02;68634;-45329;78
USDCAD;2014.12.09;-14362;30554;-16192
USDCHF;2014.12.09;-22097;35929;-13832
GBPUSD;2014.12.09;-23602;38450;-14848
USDJPY;2014.12.09;-104136;144921;-40785
EURUSD;2014.12.09;-136912;192353;-55441
AUDUSD;2014.12.09;-45013;65280;-20267
_NQ100;2014.12.09;15045;-18128;3083
_SP500;2014.12.09;11404;-35804;24401
XAGUSD;2014.12.09;21217;-24973;6898
XAUUSD;2014.12.09;90663;-54975;1739
USDCAD;2014.12.16;-15694;34186;-18492
USDCHF;2014.12.16;-3655;18171;-14516
GBPUSD;2014.12.16;-14552;27092;-12540
USDJPY;2014.12.16;-86927;130125;-43198
EURUSD;2014.12.16;-126655;173468;-46813
AUDUSD;2014.12.16;-34253;56235;-21982
_NQ100;2014.12.16;12924;-17166;4242
_SP500;2014.12.16;28162;-56147;27985
XAGUSD;2014.12.16;16948;-24179;7508
XAUUSD;2014.12.16;91825;-59354;-3317
USDCAD;2014.12.23;-12187;29191;-17004
USDCHF;2014.12.23;-16846;32143;-15297
GBPUSD;2014.12.23;-15233;31582;-16349
USDJPY;2014.12.23;-93742;137895;-44153
EURUSD;2014.12.23;-146604;196248;-49644
AUDUSD;2014.12.23;-39236;61321;-22085
_NQ100;2014.12.23;8335;-12304;3968
_SP500;2014.12.23;26870;-51027;24157
XAGUSD;2014.12.23;17270;-25988;7419
XAUUSD;2014.12.23;82197;-50623;-5685
USDCAD;2014.12.30;-14033;29959;-15926
USDCHF;2014.12.30;-16545;33812;-17267
GBPUSD;2014.12.30;-19302;36809;-17507
USDJPY;2014.12.30;-96319;136402;-40083
EURUSD;2014.12.30;-152219;201724;-49505
AUDUSD;2014.12.30;-40697;63170;-22473
_NQ100;2014.12.30;8289;-12517;4228
_SP500;2014.12.30;32202;-55728;23526
XAGUSD;2014.12.30;19326;-26820;8614
XAUUSD;2014.12.30;87050;-54200;-2703
USDCAD;2015.01.06;-17087;34090;-17003
USDCHF;2015.01.06;-24171;42307;-18136
GBPUSD;2015.01.06;-25570;45197;-19627
USDJPY;2015.01.06;-90083;130717;-40634
EURUSD;2015.01.06;-161040;216595;-55555
AUDUSD;2015.01.06;-48652;72169;-23517
_NQ100;2015.01.06;9675;-12966;3291
_SP500;2015.01.06;33583;-65360;31777
XAGUSD;2015.01.06;21807;-26895;7570
XAUUSD;2015.01.06;94196;-59351;494
USDCAD;2015.01.13;-21179;37655;-16476
USDCHF;2015.01.13;-26444;45791;-19347
GBPUSD;2015.01.13;-37140;57827;-20687
USDJPY;2015.01.13;-94625;134095;-39470
EURUSD;2015.01.13;-167851;225225;-57374
AUDUSD;2015.01.13;-45365;68844;-23479
_NQ100;2015.01.13;7550;-11323;3773
_SP500;2015.01.13;23875;-51594;27718
XAGUSD;2015.01.13;28103;-29507;6865
XAUUSD;2015.01.13;101941;-64707;7450
USDCAD;2015.01.20;-29080;45704;-16624
USDCHF;2015.01.20;-9809;17600;-7791
GBPUSD;2015.01.20;-45708;66280;-20572
USDJPY;2015.01.20;-77886;116189;-38303
EURUSD;2015.01.20;-180730;236197;-55467
AUDUSD;2015.01.20;-46580;70448;-23868
_NQ100;2015.01.20;5706;-10920;5214
_SP500;2015.01.20;20117;-49393;29276
XAGUSD;2015.01.20;35844;-32412;9367
XAUUSD;2015.01.20;129341;-85642;15355
USDCAD;2015.01.27;-23963;41155;-17192
USDCHF;2015.01.27;-7373;12242;-4869
GBPUSD;2015.01.27;-45340;66219;-20879
USDJPY;2015.01.27;-64658;101042;-36384
EURUSD;2015.01.27;-184745;244263;-59518
AUDUSD;2015.01.27;-48943;78541;-29598
_NQ100;2015.01.27;3932;-9348;5416
_SP500;2015.01.27;17857;-44360;26503
XAGUSD;2015.01.27;41722;-34732;8246
XAUUSD;2015.01.27;153237;-96516;17235
USDCAD;2015.02.03;-27321;44672;-17351
USDCHF;2015.02.03;-5350;9660;-4310
GBPUSD;2015.02.03;-42398;61088;-18690
USDJPY;2015.02.03;-59571;96139;-36568
EURUSD;2015.02.03;-196309;252964;-56655
AUDUSD;2015.02.03;-56159;85786;-29627
_NQ100;2015.02.03;4031;-8953;4922
_SP500;2015.02.03;18898;-46094;27196
XAGUSD;2015.02.03;38885;-32021;5626
XAUUSD;2015.02.03;148326;-90586;18258
USDCAD;2015.02.10;-33333;50503;-17170
USDCHF;2015.02.10;-5486;9031;-3545
GBPUSD;2015.02.10;-38603;54486;-15883
USDJPY;2015.02.10;-55124;100958;-45834
EURUSD;2015.02.10;-194641;245451;-50810
AUDUSD;2015.02.10;-53182;82727;-29545
_NQ100;2015.02.10;6029;-11524;5495
_SP500;2015.02.10;22246;-47892;25646
XAGUSD;2015.02.10;37930;-31339;6593
XAUUSD;2015.02.10;119537;-78506;15317
USDCAD;2015.02.17;-32842;48990;-16148
USDCHF;2015.02.17;-6044;10015;-3971
GBPUSD;2015.02.17;-28798;41305;-12507
USDJPY;2015.02.17;-49091;92854;-43763
EURUSD;2015.02.17;-185582;237642;-52060
AUDUSD;2015.02.17;-53831;82494;-28663
_NQ100;2015.02.17;11553;-15140;3587
_SP500;2015.02.17;22570;-47854;25284
XAGUSD;2015.02.17;32439;-29033;6398
XAUUSD;2015.02.17;95692;-74145;11901
USDCAD;2015.02.24;-36245;51460;-15215
USDCHF;2015.02.24;-5085;11981;-6896
GBPUSD;2015.02.24;-21870;33050;-11180
USDJPY;2015.02.24;-47512;87373;-39861
EURUSD;2015.02.24;-177736;226961;-49225
AUDUSD;2015.02.24;-63154;91479;-28325
_NQ100;2015.02.24;12060;-15852;3792
_SP500;2015.02.24;6747;-31269;24522
XAGUSD;2015.02.24;29022;-24111;4808
XAUUSD;2015.02.24;89487;-71408;9523
USDCAD;2015.03.03;-38863;51965;-13102
USDCHF;2015.03.03;-6062;15718;-9656
GBPUSD;2015.03.03;-26908;35400;-8492
USDJPY;2015.03.03;-52521;93430;-40909
EURUSD;2015.03.03;-172389;224647;-52258
AUDUSD;2015.03.03;-61545;85162;-23617
_NQ100;2015.03.03;13477;-17287;3809
_SP500;2015.03.03;1247;-24859;23612
XAGUSD;2015.03.03;20519;-24352;8505
XAUUSD;2015.03.03;72959;-66321;7567
USDCAD;2015.03.10;-39030;60796;-21766
USDCHF;2015.03.10;-8380;20412;-12032
GBPUSD;2015.03.10;-32591;47650;-15059
USDJPY;2015.03.10;-59387;110109;-50722
EURUSD;2015.03.10;-181073;233480;-52407
AUDUSD;2015.03.10;-76851;107717;-30866
_NQ100;2015.03.10;15605;-19149;3544
_SP500;2015.03.10;-9900;-18475;28377
XAGUSD;2015.03.10;15537;-20121;7291
XAUUSD;2015.03.10;48673;-51947;7450
USDCAD;2015.03.17;-32822;55039;-22217
USDCHF;2015.03.17;2235;8969;-11204
GBPUSD;2015.03.17;-37851;59626;-21775
USDJPY;2015.03.17;-48054;97711;-49657
EURUSD;2015.03.17;-193774;247689;-53915
AUDUSD;2015.03.17;-28807;56113;-27306
_NQ100;2015.03.17;12703;-16510;3807
_SP500;2015.03.17;-7095;-15540;22634
XAGUSD;2015.03.17;11504;-17594;5799
XAUUSD;2015.03.17;19224;-43308;3397
USDCAD;2015.03.24;-32656;49483;-16827
USDCHF;2015.03.24;-3955;12902;-8947
GBPUSD;2015.03.24;-38557;58858;-20301
USDJPY;2015.03.24;-45905;85978;-40073
EURUSD;2015.03.24;-220963;271855;-50892
AUDUSD;2015.03.24;-28368;50321;-21953
_NQ100;2015.03.24;12170;-15033;2863
_SP500;2015.03.24;2026;-23397;21371
XAGUSD;2015.03.24;19617;-21383;7119
XAUUSD;2015.03.24;11435;-45299;-1356
USDCAD;2015.03.31;-29618;44332;-14714
USDCHF;2015.03.31;706;10156;-10862
GBPUSD;2015.03.31;-36630;55619;-18989
USDJPY;2015.03.31;-23924;62413;-38489
EURUSD;2015.03.31;-226560;274469;-47909
AUDUSD;2015.03.31;-24356;45893;-21537
_NQ100;2015.03.31;10461;-12767;2306
_SP500;2015.03.31;-335;-19946;20280
XAGUSD;2015.03.31;31434;-27370;6749
XAUUSD;2015.03.31;36056;-50328;1096
USDCAD;2015.04.07;-30019;43578;-13559
USDCHF;2015.04.07;120;8799;-8919
GBPUSD;2015.04.07;-34301;51598;-17297
USDJPY;2015.04.07;-24449;63643;-39194
EURUSD;2015.04.07;-215258;260005;-44747
AUDUSD;2015.04.07;-40281;67838;-27557
_NQ100;2015.04.07;11856;-14275;2419
_SP500;2015.04.07;30;-18361;18331
XAGUSD;2015.04.07;30584;-27963;8357
XAUUSD;2015.04.07;55675;-60918;7532
USDCAD;2015.04.14;-30578;42709;-12131
USDCHF;2015.04.14;170;9895;-10065
GBPUSD;2015.04.14;-36045;57723;-21678
USDJPY;2015.04.14;-23070;56835;-33765
EURUSD;2015.04.14;-212347;257300;-44953
AUDUSD;2015.04.14;-42433;71396;-28963
_NQ100;2015.04.14;13617;-15366;1748
_SP500;2015.04.14;-146;-16679;16825
XAGUSD;2015.04.14;21950;-25686;9320
XAUUSD;2015.04.14;48049;-60304;5196
USDCAD;2015.04.21;-27051;33596;-6545
USDCHF;2015.04.21;335;7031;-7366
GBPUSD;2015.04.21;-29281;47497;-18216
USDJPY;2015.04.21;-14448;50038;-35590
EURUSD;2015.04.21;-214645;258225;-43580
AUDUSD;2015.04.21;-34663;59245;-24582
_NQ100;2015.04.21;14031;-16264;2233
_SP500;2015.04.21;1229;-16067;14839
XAGUSD;2015.04.21;10154;-22305;9511
XAUUSD;2015.04.21;48125;-53551;3761
USDCAD;2015.04.28;-20909;24895;-3986
USDCHF;2015.04.28;1335;5846;-7181
GBPUSD;2015.04.28;-34128;44758;-10630
USDJPY;2015.04.28;-5493;32555;-27062
EURUSD;2015.04.28;-197766;240692;-42926
AUDUSD;2015.04.28;-27405;44578;-17173
_NQ100;2015.04.28;17676;-19124;1448
_SP500;2015.04.28;3547;-15213;11665
XAGUSD;2015.04.28;6511;-20754;11069
XAUUSD;2015.04.28;50583;-53715;5615
USDCAD;2015.05.05;-10080;13563;-3483
USDCHF;2015.05.05;5331;411;-5742
GBPUSD;2015.05.05;-24758;30343;-5585
USDJPY;2015.05.05;-31183;66999;-35816
EURUSD;2015.05.05;-190127;227911;-37784
AUDUSD;2015.05.05;626;12836;-13462
_NQ100;2015.05.05;13375;-12870;-505
_SP500;2015.05.05;-5898;-1910;7807
XAGUSD;2015.05.05;12178;-22586;9627
XAUUSD;2015.05.05;22857;-40165;1722
USDCAD;2015.05.12;-3982;693;3289
USDCHF;2015.05.12;10550;-7405;-3145
GBPUSD;2015.05.12;-30769;38987;-8218
USDJPY;2015.05.12;-23593;59014;-35421
EURUSD;2015.05.12;-178976;217168;-38192
AUDUSD;2015.05.12;4487;10325;-14812
_NQ100;2015.05.12;9253;-10717;1464
_SP500;2015.05.12;-5307;-3957;9264
XAGUSD;2015.05.12;14706;-22924;8765
XAUUSD;2015.05.12;27719;-43323;62
USDCAD;2015.05.19;4348;-1396;-2952
USDCHF;2015.05.19;9405;-8395;-1010
GBPUSD;2015.05.19;-23362;23388;-26
USDJPY;2015.05.19;-22005;70583;-48578
EURUSD;2015.05.19;-168339;208434;-40095
AUDUSD;2015.05.19;7323;4058;-11381
_NQ100;2015.05.19;11035;-12973;1938
_SP500;2015.05.19;5726;-11607;5880
XAGUSD;2015.05.19;42940;-34005;11205
XAUUSD;2015.05.19;78617;-76909;9713
USDCAD;2015.05.26;7333;-365;-6968
USDCHF;2015.05.26;8330;-6281;-2049
GBPUSD;2015.05.26;-25539;26865;-1326
USDJPY;2015.05.26;-62224;117958;-55734
EURUSD;2015.05.26;-171740;208443;-36703
AUDUSD;2015.05.26;6422;11898;-18320
_NQ100;2015.05.26;9846;-10981;1134
_SP500;2015.05.26;-5724;-4115;9839
XAGUSD;2015.05.26;42598;-34112;10521
XAUUSD;2015.05.26;66244;-74433;5026
USDCAD;2015.06.02;-1025;12334;-11309
USDCHF;2015.06.02;8359;-4873;-3486
GBPUSD;2015.06.02;-25658;28514;-2856
USDJPY;2015.06.02;-85693;140846;-55153
EURUSD;2015.06.02;-165512;207136;-41624
AUDUSD;2015.06.02;-13256;33511;-20255
_NQ100;2015.06.02;13519;-16659;3139
_SP500;2015.06.02;2335;-14811;12477
XAGUSD;2015.06.02;36950;-32005;10724
XAUUSD;2015.06.02;61747;-73626;3740
USDCAD;2015.06.09;-13745;22678;-8933
USDCHF;2015.06.09;10129;-5885;-4244
GBPUSD;2015.06.09;-28277;30440;-2163
USDJPY;2015.06.09;-116286;174477;-58191
EURUSD;2015.06.09;-137974;176715;-38741
AUDUSD;2015.06.09;-14027;34010;-19983
_NQ100;2015.06.09;8172;-11002;2830
_SP500;2015.06.09;-12240;-2002;14241
XAGUSD;2015.06.09;8690;-22804;13395
XAUUSD;2015.06.09;37639;-61303;3499
USDCAD;2015.06.16;-12281;22962;-10681
USDCHF;2015.06.16;5358;-1509;-3849
GBPUSD;2015.06.16;-25434;25547;-113
USDJPY;2015.06.16;-80664;130620;-49956
EURUSD;2015.06.16;-89357;122971;-33614
AUDUSD;2015.06.16;-4048;19713;-15665
XAGUSD;2015.06.16;741;-19374;13183
XAUUSD;2015.06.16;34998;-59391;914
USDCAD;2015.06.23;-17579;24406;-6827
USDCHF;2015.06.23;7072;-3348;-3724
GBPUSD;2015.06.23;-22194;15587;6607
USDJPY;2015.06.23;-87717;135324;-47607
EURUSD;2015.06.23;-99306;131909;-32603
AUDUSD;2015.06.23;-9052;24475;-15423
XAGUSD;2015.06.23;-7169;-21451;13920
XAUUSD;2015.06.23;39916;-75535;5774
USDCAD;2015.06.30;-23450;30753;-7303
USDCHF;2015.06.30;6855;-3501;-3354
GBPUSD;2015.06.30;-12759;7118;5641
USDJPY;2015.06.30;-78822;117282;-38460
EURUSD;2015.06.30;-100035;134756;-34721
AUDUSD;2015.06.30;-12031;28743;-16712
_NQ100;2015.06.30;6188;-8038;1850
_SP500;2015.06.30;-22810;13188;9621
XAGUSD;2015.06.30;-10621;-18405;11279
XAUUSD;2015.06.30;15623;-65073;7614
USDCAD;2015.07.07;-32268;47453;-15185
USDCHF;2015.07.07;6121;169;-6290
GBPUSD;2015.07.07;-22973;21171;1802
USDJPY;2015.07.07;-63629;100465;-36836
EURUSD;2015.07.07;-99266;141478;-42212
AUDUSD;2015.07.07;-22197;47565;-25368
_NQ100;2015.07.07;5783;-7556;1772
_SP500;2015.07.07;-27026;22169;4857
XAGUSD;2015.07.07;-12548;-14230;7526
XAUUSD;2015.07.07;2099;-53411;2141
USDCAD;2015.07.14;-40726;60728;-20002
USDCHF;2015.07.14;3081;1305;-4386
GBPUSD;2015.07.14;-24199;23213;986
USDJPY;2015.07.14;-47371;83497;-36126
EURUSD;2015.07.14;-107781;143924;-36143
AUDUSD;2015.07.14;-33541;60101;-26560
_NQ100;2015.07.14;10978;-12201;1223
_SP500;2015.07.14;-16132;14437;1695
XAGUSD;2015.07.14;-8998;-16184;6036
XAUUSD;2015.07.14;-1123;-52043;645
USDCAD;2015.07.21;-43568;67331;-23763
USDCHF;2015.07.21;3417;6050;-9467
GBPUSD;2015.07.21;-21468;19635;1833
USDJPY;2015.07.21;-62314;99635;-37321
EURUSD;2015.07.21;-112976;153115;-40139
AUDUSD;2015.07.21;-40850;70911;-30061
_NQ100;2015.07.21;17128;-18366;1239
_SP500;2015.07.21;-8872;5391;3480
XAGUSD;2015.07.21;-14751;-15129;6922
XAUUSD;2015.07.21;-13556;-39803;-6695
USDCAD;2015.07.28;-56067;81035;-24968
USDCHF;2015.07.28;124;11037;-11161
GBPUSD;2015.07.28;-9788;5166;4622
USDJPY;2015.07.28;-63538;99232;-35694
EURUSD;2015.07.28;-104008;140919;-36911
AUDUSD;2015.07.28;-50659;81970;-31311
_NQ100;2015.07.28;18033;-20804;2771
_SP500;2015.07.28;-11341;3187;8155
XAGUSD;2015.07.28;-12995;-15516;5777
XAUUSD;2015.07.28;-14633;-36464;-9199
USDCAD;2015.08.04;-64180;87720;-23540
USDCHF;2015.08.04;-1466;14729;-13263
GBPUSD;2015.08.04;-6557;6396;161
USDJPY;2015.08.04;-79716;119981;-40265
EURUSD;2015.08.04;-113394;152023;-38629
AUDUSD;2015.08.04;-49412;81451;-32039
_NQ100;2015.08.04;15796;-18171;2375
_SP500;2015.08.04;-15743;7083;8660
XAGUSD;2015.08.04;-11092;-15981;5351
XAUUSD;2015.08.04;-11287;-39403;-15080
USDCAD;2015.08.11;-67405;89780;-22375
USDCHF;2015.08.11;-7012;23788;-16776
GBPUSD;2015.08.11;-10371;8068;2303
USDJPY;2015.08.11;-105226;148075;-42849
EURUSD;2015.08.11;-115210;152323;-37113
AUDUSD;2015.08.11;-51270;78735;-27465
_NQ100;2015.08.11;12360;-14475;2115
_SP500;2015.08.11;-24209;16416;7793
XAGUSD;2015.08.11;-233;-20317;5390
XAUUSD;2015.08.11;-5430;-43684;-7984
USDCAD;2015.08.18;-66794;86078;-19284
USDCHF;2015.08.18;-9868;26138;-16270
GBPUSD;2015.08.18;-3971;-2449;6420
USDJPY;2015.08.18;-90130;125219;-35089
EURUSD;2015.08.18;-92732;122326;-29594
AUDUSD;2015.08.18;-49883;76778;-26895
_NQ100;2015.08.18;14776;-16686;1910
_SP500;2015.08.18;-17176;17794;-618
XAGUSD;2015.08.18;-323;-21398;9359
XAUUSD;2015.08.18;7917;-46079;-11711
USDCAD;2015.08.25;-59712;80808;-21096
USDCHF;2015.08.25;-12597;20795;-8198
GBPUSD;2015.08.25;3299;-10144;6845
USDJPY;2015.08.25;-39059;54714;-15655
EURUSD;2015.08.25;-66078;91151;-25073
AUDUSD;2015.08.25;-63727;89239;-25512
_NQ100;2015.08.25;2286;-2946;660
_SP500;2015.08.25;-5601;-16;5617
XAGUSD;2015.08.25;-80;-23267;8412
XAUUSD;2015.08.25;40614;-65893;-8097
USDCAD;2015.09.01;-55119;76574;-21455
USDCHF;2015.09.01;-8503;17424;-8921
GBPUSD;2015.09.01;-11239;16672;-5433
USDJPY;2015.09.01;-15555;28503;-12948
EURUSD;2015.09.01;-67857;88343;-20486
AUDUSD;2015.09.01;-55732;82795;-27063
_NQ100;2015.09.01;-1221;1146;77
_SP500;2015.09.01;-26553;28946;-2392
XAGUSD;2015.09.01;4049;-20902;5094
XAUUSD;2015.09.01;40597;-67285;-3597
USDCAD;2015.09.08;-48640;68580;-19940
USDCHF;2015.09.08;-6896;18400;-11504
GBPUSD;2015.09.08;-17638;30908;-13270
USDJPY;2015.09.08;-6662;21012;-14350
EURUSD;2015.09.08;-81241;108445;-27204
AUDUSD;2015.09.08;-53316;84684;-31368
_NQ100;2015.09.08;-1157;1998;-842
_SP500;2015.09.08;-30958;40481;-9523
XAGUSD;2015.09.08;7634;-20338;6819
XAUUSD;2015.09.08;26825;-57099;-3314
USDCAD;2015.09.15;-47083;69332;-22249
USDCHF;2015.09.15;3782;7608;-11390
GBPUSD;2015.09.15;-3619;13699;-10080
USDJPY;2015.09.15;-26814;39559;-12745
EURUSD;2015.09.15;-84202;102410;-18208
AUDUSD;2015.09.15;-40729;66468;-25739
_NQ100;2015.09.15;-124;735;-612
_SP500;2015.09.15;-35200;39148;-3948
XAGUSD;2015.09.15;2319;-19840;7094
XAUUSD;2015.09.15;8807;-43302;-6568
USDCAD;2015.09.22;-38394;57613;-19219
USDCHF;2015.09.22;-1876;11900;-10024
GBPUSD;2015.09.22;1267;5006;-6273
USDJPY;2015.09.22;-23678;31587;-7909
EURUSD;2015.09.22;-81033;102114;-21081
AUDUSD;2015.09.22;-52832;75971;-23139
_NQ100;2015.09.22;1807;-1226;-581
_SP500;2015.09.22;-40770;43686;-2915
XAGUSD;2015.09.22;15000;-26620;6455
XAUUSD;2015.09.22;20829;-55518;-3897
USDCAD;2015.09.29;-42235;62891;-20656
USDCHF;2015.09.29;-2715;14175;-11460
GBPUSD;2015.09.29;-2047;11414;-9367
USDJPY;2015.09.29;-22052;32538;-10486
EURUSD;2015.09.29;-87660;112066;-24406
AUDUSD;2015.09.29;-48865;69579;-20714
_NQ100;2015.09.29;408;-519;111
_SP500;2015.09.29;-34740;34869;-129
XAGUSD;2015.09.29;9642;-26271;7003
XAUUSD;2015.09.29;40564;-62090;-3502
USDCAD;2015.10.06;-35010;51546;-16536
USDCHF;2015.10.06;-3970;15159;-11189
GBPUSD;2015.10.06;-4533;18888;-14355
USDJPY;2015.10.06;-17599;30758;-13159
EURUSD;2015.10.06;-88810;108507;-19697
AUDUSD;2015.10.06;-40839;62785;-21946
_NQ100;2015.10.06;1907;-686;-1221
_SP500;2015.10.06;-44256;56550;-12293
XAGUSD;2015.10.06;28152;-35024;8716
XAUUSD;2015.10.06;45838;-66422;1650
USDCAD;2015.10.13;-33949;44722;-10773
USDCHF;2015.10.13;-2352;11951;-9599
GBPUSD;2015.10.13;-7527;22519;-14992
USDJPY;2015.10.13;-13832;21756;-7924
EURUSD;2015.10.13;-80576;97015;-16439
AUDUSD;2015.10.13;-33705;47727;-14022
_NQ100;2015.10.13;2351;-2083;-268
_SP500;2015.10.13;-39697;47364;-7667
XAGUSD;2015.10.13;41973;-38826;6916
XAUUSD;2015.10.13;77213;-79515;1335
USDCAD;2015.10.20;-27112;34550;-7438
USDCHF;2015.10.20;625;6735;-7360
GBPUSD;2015.10.20;7537;-345;-7192
USDJPY;2015.10.20;-3639;13067;-9428
EURUSD;2015.10.20;-62566;79329;-16763
AUDUSD;2015.10.20;-38412;50636;-12224
_NQ100;2015.10.20;6010;-6162;152
_SP500;2015.10.20;-40980;49219;-8239
XAGUSD;2015.10.20;47902;-41208;9502
XAUUSD;2015.10.20;116344;-101468;11999
USDCAD;2015.10.27;-18895;31969;-13074
USDCHF;2015.10.27;1499;12412;-13911
GBPUSD;2015.10.27;4134;7695;-11829
USDJPY;2015.10.27;-33911;55204;-21293
EURUSD;2015.10.27;-105934;134450;-28516
AUDUSD;2015.10.27;-36352;49145;-12793
_NQ100;2015.10.27;11363;-11379;15
_SP500;2015.10.27;-24373;35052;-10680
XAGUSD;2015.10.27;53353;-43203;6928
XAUUSD;2015.10.27;114092;-102946;8414
USDCAD;2015.11.03;-19491;32644;-13153
USDCHF;2015.11.03;-7035;22448;-15413
GBPUSD;2015.11.03;188;7730;-7918
USDJPY;2015.11.03;-43787;65127;-21340
EURUSD;2015.11.03;-134334;168944;-34610
AUDUSD;2015.11.03;-38625;59495;-20870
_NQ100;2015.11.03;14028;-14383;355
_SP500;2015.11.03;-26122;36821;-10700
XAGUSD;2015.11.03;48596;-43281;8764
XAUUSD;2015.11.03;67207;-89226;8646
USDCAD;2015.11.10;-17907;35602;-17695
USDCHF;2015.11.10;-9310;27883;-18573
GBPUSD;2015.11.10;-15770;36901;-21131
USDJPY;2015.11.10;-66888;97686;-30798
EURUSD;2015.11.10;-142939;184555;-41616
AUDUSD;2015.11.10;-52830;80186;-27356
_NQ100;2015.11.10;16313;-18141;1828
_SP500;2015.11.10;-20236;24508;-4272
XAGUSD;2015.11.10;26027;-34438;11139
XAUUSD;2015.11.10;16869;-64880;3505
USDCAD;2015.11.17;-28352;49967;-21615
USDCHF;2015.11.17;-15329;35012;-19683
GBPUSD;2015.11.17;-25260;45232;-19972
USDJPY;2015.11.17;-78611;111224;-32613
EURUSD;2015.11.17;-164177;204152;-39975
AUDUSD;2015.11.17;-66464;88864;-22400
_NQ100;2015.11.17;13773;-15522;1749
_SP500;2015.11.17;-16524;17966;-1443
XAGUSD;2015.11.17;12205;-26889;10270
XAUUSD;2015.11.17;-13923;-49999;-5926
USDCAD;2015.11.24;-38617;57148;-18531
USDCHF;2015.11.24;-22209;42705;-20496
GBPUSD;2015.11.24;-32256;51379;-19123
USDJPY;2015.11.24;-77336;107933;-30597
EURUSD;2015.11.24;-175484;215922;-40438
AUDUSD;2015.11.24;-57145;75027;-17882
_NQ100;2015.11.24;11044;-12687;1643
_SP500;2015.11.24;-11601;13943;-2342
XAGUSD;2015.11.24;9858;-23505;9332
XAUUSD;2015.11.24;-16664;-41478;-4319
USDCAD;2015.12.01;-38980;58853;-19873
USDCHF;2015.12.01;-24789;47747;-22958
GBPUSD;2015.12.01;-28258;49040;-20782
USDJPY;2015.12.01;-74901;104921;-30020
EURUSD;2015.12.01;-182845;224522;-41677
AUDUSD;2015.12.01;-46648;59494;-12846
_NQ100;2015.12.01;11352;-12999;1648
_SP500;2015.12.01;-10232;11851;-1619
XAGUSD;2015.12.01;11440;-23653;7931
XAUUSD;2015.12.01;-20566;-32283;-6839
USDCAD;2015.12.08;-40138;61977;-21839
USDCHF;2015.12.08;-25540;43253;-17713
GBPUSD;2015.12.08;-23902;44590;-20688
USDJPY;2015.12.08;-68050;98557;-30507
EURUSD;2015.12.08;-172331;197108;-24777
AUDUSD;2015.12.08;-33579;44118;-10539
_NQ100;2015.12.08;10799;-12535;1736
_SP500;2015.12.08;-9475;3907;5567
XAGUSD;2015.12.08;9271;-23819;9767
XAUUSD;2015.12.08;-17422;-36561;-5626
USDCAD;2015.12.15;-51009;71972;-20963
USDCHF;2015.12.15;1951;11784;-13735
GBPUSD;2015.12.15;-16920;34007;-17087
USDJPY;2015.12.15;-26580;42586;-16006
EURUSD;2015.12.15;-159961;185311;-25350
AUDUSD;2015.12.15;-10452;21381;-10929
_NQ100;2015.12.15;12304;-14288;1984
_SP500;2015.12.15;-5030;-1366;6396
XAGUSD;2015.12.15;2598;-18591;7965
XAUUSD;2015.12.15;-27219;-40816;-5390
USDCAD;2015.12.22;-56027;76749;-20722
USDCHF;2015.12.22;2752;11803;-14555
GBPUSD;2015.12.22;-26661;49672;-23011
USDJPY;2015.12.22;-30367;50938;-20571
EURUSD;2015.12.22;-161047;182071;-21024
AUDUSD;2015.12.22;-20854;33568;-12714
_NQ100;2015.12.22;9578;-12003;2426
_SP500;2015.12.22;-11365;8068;3296
XAGUSD;2015.12.22;10616;-23010;7771
XAUUSD;2015.12.22;-20062;-53944;-4176
USDCAD;2015.12.22;-56027;76749;-20722
USDCHF;2015.12.22;2752;11803;-14555
GBPUSD;2015.12.22;-26661;49672;-23011
USDJPY;2015.12.22;-30367;50938;-20571
EURUSD;2015.12.22;-161047;182071;-21024
AUDUSD;2015.12.22;-20854;33568;-12714
_NQ100;2015.12.22;9578;-12003;2426
_SP500;2015.12.22;-11365;8068;3296
XAGUSD;2015.12.22;10616;-23010;7771
XAUUSD;2015.12.22;-20062;-53944;-4176
USDCAD;2015.12.29;-60787;80673;-19886
USDCHF;2015.12.29;3564;11937;-15501
GBPUSD;2015.12.29;-31022;52811;-21789
USDJPY;2015.12.29;-17226;34780;-17554
EURUSD;2015.12.29;-160550;180422;-19872
AUDUSD;2015.12.29;-17545;28105;-10560
_NQ100;2015.12.29;12184;-14138;1954
_SP500;2015.12.29;-12686;9672;3014
XAGUSD;2015.12.29;7139;-22966;9174
XAUUSD;2015.12.29;-27201;-43974;-3767
USDCAD;2016.01.05;-60130;79735;-19605
USDCHF;2016.01.05;3620;15078;-18698
GBPUSD;2016.01.05;-30496;54401;-23905
USDJPY;2016.01.05;4103;4543;-8646
EURUSD;2016.01.05;-160643;179372;-18729
AUDUSD;2016.01.05;-13761;26056;-12295
_NQ100;2016.01.05;7193;-8399;1206
_SP500;2016.01.05;-16808;12594;4215
XAGUSD;2016.01.05;7891;-21898;7173
XAUUSD;2016.01.05;-15927;-44852;-7285
USDCAD;2016.01.12;-59214;78709;-19495
USDCHF;2016.01.12;3324;12883;-16207
GBPUSD;2016.01.12;-30521;58816;-28295
USDJPY;2016.01.12;25266;-23845;-1421
EURUSD;2016.01.12;-146451;161751;-15300
AUDUSD;2016.01.12;-23043;46601;-23558
_NQ100;2016.01.12;6646;-8170;1523
_SP500;2016.01.12;-28599;23114;5486
XAGUSD;2016.01.12;8549;-22875;8079
XAUUSD;2016.01.12;92;-51815;-1133
USDCAD;2016.01.19;-66386;82481;-16095
USDCHF;2016.01.19;906;14803;-15709
GBPUSD;2016.01.19;-38579;64795;-26216
USDJPY;2016.01.19;37653;-40417;2764
EURUSD;2016.01.19;-137015;147467;-10452
AUDUSD;2016.01.19;-36267;59902;-23635
_NQ100;2016.01.19;5816;-6849;1033
_SP500;2016.01.19;-34059;23040;11018
XAGUSD;2016.01.19;16449;-24780;7076
XAUUSD;2016.01.19;439;-48962;-3551
USDCAD;2016.01.26;-66819;81197;-14378
USDCHF;2016.01.26;-4503;22174;-17671
GBPUSD;2016.01.26;-47537;72297;-24760
USDJPY;2016.01.26;50026;-54641;4615
EURUSD;2016.01.26;-127215;142818;-15603
AUDUSD;2016.01.26;-32798;50874;-18076
_NQ100;2016.01.26;6059;-6150;92
_SP500;2016.01.26;-23581;19968;3613
XAGUSD;2016.01.26;25396;-28726;7538
XAUUSD;2016.01.26;16803;-52609;793
BRENT;2016.01.26;14203;13423;-722
BRENT;2016.01.19;13240;15536;319
BRENT;2016.01.12;17646;16644;444
BRENT;2016.01.05;15289;18311;-32
USDCAD;2016.02.02;-52420;70420;-18000
USDCHF;2016.02.02;-4695;22956;-18261
GBPUSD;2016.02.02;-45018;71746;-26728
USDJPY;2016.02.02;37245;-27090;-10155
EURUSD;2016.02.02;-87073;111997;-24924
AUDUSD;2016.02.02;-26168;41630;-15462
_NQ100;2016.02.02;4349;-3569;-780
_SP500;2016.02.02;-45371;51477;-6107
XAGUSD;2016.02.02;25017;-30351;6886
XAUUSD;2016.02.02;29036;-55990;4533
BRENT;2016.02.02;6490;21054;-1019
USDCAD;2016.02.09;-51935;59638;-7703
USDCHF;2016.02.09;-7268;17846;-10578
GBPUSD;2016.02.09;-36300;54709;-18409
USDJPY;2016.02.09;43232;-40801;-2431
EURUSD;2016.02.09;-63314;74024;-10710
AUDUSD;2016.02.09;-5626;14479;-8853
_NQ100;2016.02.09;1924;-1827;-97
_SP500;2016.02.09;-40484;43296;-2811
XAGUSD;2016.02.09;39744;-38443;9027
XAUUSD;2016.02.09;60636;-67740;6495
BRENT;2016.02.09;3898;21370;241
