AUDUSD;2013.01.08;14724;75055
AUDUSD;2013.01.15;14785;88908
AUDUSD;2013.01.22;14616;94293
AUDUSD;2013.01.29;16622;79279
AUDUSD;2013.02.05;16856;74143
AUDUSD;2013.02.12;29324;49735
AUDUSD;2013.02.19;34256;44145
AUDUSD;2013.02.26;43214;29715
AUDUSD;2013.03.05;51913;26571
AUDUSD;2013.03.12;34175;28097
AUDUSD;2013.03.19;16405;46091
AUDUSD;2013.03.26;15838;81605
AUDUSD;2013.04.02;15831;78517
AUDUSD;2013.04.09;17433;79697
AUDUSD;2013.04.16;24415;58636
AUDUSD;2013.04.23;34214;38962
AUDUSD;2013.04.30;33399;41277
AUDUSD;2013.05.07;47759;28544
AUDUSD;2013.05.14;80281;30433
AUDUSD;2013.05.21;106759;28217
AUDUSD;2013.05.28;115632;28752
AUDUSD;2013.06.04;128426;21326
AUDUSD;2013.06.11;131395;24651
AUDUSD;2013.06.18;98730;0
AUDUSD;2013.06.25;99601;1311
AUDUSD;2013.07.02;106952;2187
AUDUSD;2013.07.09;104831;4090
AUDUSD;2013.07.16;111534;8299
AUDUSD;2013.07.23;111862;12280
AUDUSD;2013.07.30;121674;10213
AUDUSD;2013.08.06;130792;11794
AUDUSD;2013.08.13;119960;19586
AUDUSD;2013.08.20;121375;19156
AUDUSD;2013.08.27;123452;20037
AUDUSD;2013.09.03;122752;21310
AUDUSD;2013.09.10;105754;27278
AUDUSD;2013.09.17;63970;5115
AUDUSD;2013.09.24;71182;6182
AUDUSD;2013.10.01;61608;7012
AUDUSD;2013.10.08;63806;8109
AUDUSD;2013.10.15;66329;8520
AUDUSD;2013.10.22;58482;9849
AUDUSD;2013.10.29;59356;11789
AUDUSD;2013.11.05;65585;12049
AUDUSD;2013.11.12;77585;9373
AUDUSD;2013.11.19;80476;10324
AUDUSD;2013.11.26;57027;17066
AUDUSD;2013.12.03;64506;10818
AUDUSD;2013.12.10;68253;12247
AUDUSD;2013.12.17;73875;1669
AUDUSD;2013.12.24;78897;2248
AUDUSD;2013.12.31;80729;2074
AUDUSD;2014.01.07;82150;3510
AUDUSD;2014.01.14;73712;4652
AUDUSD;2014.01.21;96015;4731
AUDUSD;2014.01.28;100898;5127
AUDUSD;2014.02.04;92018;7538
AUDUSD;2014.02.11;77014;9071
AUDUSD;2014.02.18;68397;9468
AUDUSD;2014.02.25;63662;10306
AUDUSD;2014.03.04;64120;6180
AUDUSD;2014.03.11;65169;10038
AUDUSD;2014.03.18;29741;5302
AUDUSD;2014.03.25;25149;9343
AUDUSD;2014.04.01;22418;25431
AUDUSD;2014.04.08;21824;32365
AUDUSD;2014.04.15;20538;36234
AUDUSD;2014.04.22;18499;47811
AUDUSD;2014.04.29;22228;44291
AUDUSD;2014.05.06;21894;40201
AUDUSD;2014.05.13;20267;49482
AUDUSD;2014.05.20;19700;47849
AUDUSD;2014.05.27;21141;44350
AUDUSD;2014.06.03;20448;48746
AUDUSD;2014.06.10;20845;59610
AUDUSD;2014.06.17;2701;35555
USDCAD;2013.01.08;3892;93300
USDCAD;2013.01.15;4594;102474
USDCAD;2013.01.22;7123;94114
USDCAD;2013.01.29;27456;74236
USDCAD;2013.02.05;34577;72896
USDCAD;2013.02.12;36203;73316
USDCAD;2013.02.19;43050;69780
USDCAD;2013.02.26;73100;63398
USDCAD;2013.03.05;94576;61464
USDCAD;2013.03.12;103420;62281
USDCAD;2013.03.19;109122;59716
USDCAD;2013.03.26;83192;4514
USDCAD;2013.04.02;83572;4506
USDCAD;2013.04.09;86598;1871
USDCAD;2013.04.16;94160;3594
USDCAD;2013.04.23;92904;4455
USDCAD;2013.04.30;87496;7122
USDCAD;2013.05.07;71381;12672
USDCAD;2013.05.14;59110;14541
USDCAD;2013.05.21;62749;13826
USDCAD;2013.05.28;66093;11623
USDCAD;2013.06.04;73075;10027
USDCAD;2013.06.11;68304;10340
USDCAD;2013.06.18;62028;16061
USDCAD;2013.06.25;38252;7578
USDCAD;2013.07.02;46121;6863
USDCAD;2013.07.09;54976;7661
USDCAD;2013.07.16;55029;11533
USDCAD;2013.07.23;49878;12269
USDCAD;2013.07.30;40601;13206
USDCAD;2013.08.06;38227;13048
USDCAD;2013.08.13;36869;12781
USDCAD;2013.08.20;36397;12317
USDCAD;2013.08.27;49121;6760
USDCAD;2013.09.03;57461;5963
USDCAD;2013.09.10;55513;8656
USDCAD;2013.09.17;40787;11774
USDCAD;2013.09.24;36147;24624
USDCAD;2013.10.01;35935;31988
USDCAD;2013.10.08;43115;27676
USDCAD;2013.10.15;44395;23176
USDCAD;2013.10.22;39610;27769
USDCAD;2013.10.29;45501;22118
USDCAD;2013.11.05;44738;18011
USDCAD;2013.11.12;44127;16489
USDCAD;2013.11.19;44048;16636
USDCAD;2013.11.26;49869;9054
USDCAD;2013.12.03;62442;5254
USDCAD;2013.12.10;79107;4705
USDCAD;2013.12.17;88475;4820
USDCAD;2013.12.24;83932;1428
USDCAD;2013.12.31;83771;1616
USDCAD;2014.01.07;84329;1202
USDCAD;2014.01.14;88351;1120
USDCAD;2014.01.21;94419;989
USDCAD;2014.01.28;83566;1519
USDCAD;2014.02.04;88324;1745
USDCAD;2014.02.11;84402;2329
USDCAD;2014.02.18;81648;11601
USDCAD;2014.02.25;70618;12103
USDCAD;2014.03.04;70979;12264
USDCAD;2014.03.11;69939;15717
USDCAD;2014.03.18;74388;16690
USDCAD;2014.03.25;29163;3838
USDCAD;2014.04.01;26035;4045
USDCAD;2014.04.08;25725;7844
USDCAD;2014.04.15;23729;11506
USDCAD;2014.04.22;23494;12391
USDCAD;2014.04.29;23047;15276
USDCAD;2014.05.06;24692;15184
USDCAD;2014.05.13;25514;20885
USDCAD;2014.05.20;25401;21276
USDCAD;2014.05.27;25172;28125
USDCAD;2014.06.03;25426;27730
USDCAD;2014.06.10;22614;22471
USDCAD;2014.06.17;21019;25774
EURUSD;2013.01.08;25030;28997
EURUSD;2013.01.15;22157;46243
EURUSD;2013.01.22;21957;63485
EURUSD;2013.01.29;25132;76748
EURUSD;2013.02.05;27323;92528
EURUSD;2013.02.12;30560;86284
EURUSD;2013.02.19;29739;77151
EURUSD;2013.02.26;38435;55276
EURUSD;2013.03.05;53287;31129
EURUSD;2013.03.12;46734;23677
EURUSD;2013.03.19;53922;10254
EURUSD;2013.03.26;66753;11725
EURUSD;2013.04.02;92230;11348
EURUSD;2013.04.09;84690;12160
EURUSD;2013.04.16;64145;15288
EURUSD;2013.04.23;68299;17535
EURUSD;2013.04.30;56250;20448
EURUSD;2013.05.07;50458;18078
EURUSD;2013.05.14;67755;14606
EURUSD;2013.05.21;92070;14230
EURUSD;2013.05.28;94917;13980
EURUSD;2013.06.04;69606;17509
EURUSD;2013.06.11;40056;32656
EURUSD;2013.06.18;26016;29409
EURUSD;2013.06.25;26597;31093
EURUSD;2013.07.02;43772;10197
EURUSD;2013.07.09;72004;8717
EURUSD;2013.07.16;70762;12181
EURUSD;2013.07.23;56886;12843
EURUSD;2013.07.30;45943;16770
EURUSD;2013.08.06;41399;27063
EURUSD;2013.08.13;34945;25316
EURUSD;2013.08.20;28258;44447
EURUSD;2013.08.27;27609;49639
EURUSD;2013.09.03;34973;27675
EURUSD;2013.09.10;41131;27086
EURUSD;2013.09.17;21900;30183
EURUSD;2013.09.24;17266;77960
EURUSD;2013.10.01;18832;83640
EURUSD;2013.10.08;22497;86821
EURUSD;2013.10.15;26647;83915
EURUSD;2013.10.22;29963;105281
EURUSD;2013.10.29;33835;107889
EURUSD;2013.11.05;35671;71020
EURUSD;2013.11.12;41892;41584
EURUSD;2013.11.19;46507;42745
EURUSD;2013.11.26;58983;35810
EURUSD;2013.12.03;56483;42376
EURUSD;2013.12.10;55235;48677
EURUSD;2013.12.17;24197;24696
EURUSD;2013.12.24;26369;31237
EURUSD;2013.12.31;27927;30789
EURUSD;2014.01.07;43982;24290
EURUSD;2014.01.14;49071;27267
EURUSD;2014.01.21;69496;24677
EURUSD;2014.01.28;69721;37878
EURUSD;2014.02.04;100802;23613
EURUSD;2014.02.11;96688;33479
EURUSD;2014.02.18;87336;47163
EURUSD;2014.02.25;85407;52613
EURUSD;2014.03.04;81771;58970
EURUSD;2014.03.11;73477;63301
EURUSD;2014.03.18;34889;31876
EURUSD;2014.03.25;42530;26612
EURUSD;2014.04.01;47949;26479
EURUSD;2014.04.08;58013;26687
EURUSD;2014.04.15;51748;28306
EURUSD;2014.04.22;50580;26292
EURUSD;2014.04.29;50893;29344
EURUSD;2014.05.06;41059;35135
EURUSD;2014.05.13;60718;25592
EURUSD;2014.05.20;73464;23477
EURUSD;2014.05.27;88065;22532
EURUSD;2014.06.03;106584;21193
EURUSD;2014.06.10;135220;25794
EURUSD;2014.06.17;122240;17681
GBPUSD;2013.01.08;9066;52204
GBPUSD;2013.01.15;11507;49501
GBPUSD;2013.01.22;27272;34548
GBPUSD;2013.01.29;50932;31364
GBPUSD;2013.02.05;64645;26750
GBPUSD;2013.02.12;79292;26106
GBPUSD;2013.02.19;98303;24518
GBPUSD;2013.02.26;125330;22261
GBPUSD;2013.03.05;145032;22963
GBPUSD;2013.03.12;153896;26188
GBPUSD;2013.03.19;105250;4520
GBPUSD;2013.03.26;107795;4068
GBPUSD;2013.04.02;105358;3496
GBPUSD;2013.04.09;103701;4436
GBPUSD;2013.04.16;100762;6514
GBPUSD;2013.04.23;99517;7199
GBPUSD;2013.04.30;86882;11602
GBPUSD;2013.05.07;88976;18090
GBPUSD;2013.05.14;90202;18917
GBPUSD;2013.05.21;107718;10078
GBPUSD;2013.05.28;114103;10451
GBPUSD;2013.06.04;114402;12945
GBPUSD;2013.06.11;92092;19730
GBPUSD;2013.06.18;40720;12983
GBPUSD;2013.06.25;39846;12500
GBPUSD;2013.07.02;53567;2975
GBPUSD;2013.07.09;67488;4619
GBPUSD;2013.07.16;82614;4240
GBPUSD;2013.07.23;84799;5637
GBPUSD;2013.07.30;79880;5145
GBPUSD;2013.08.06;73422;6269
GBPUSD;2013.08.13;71587;5865
GBPUSD;2013.08.20;55801;10355
GBPUSD;2013.08.27;56375;17390
GBPUSD;2013.09.03;57951;21737
GBPUSD;2013.09.10;48056;32588
GBPUSD;2013.09.17;1552;40702
GBPUSD;2013.09.24;4114;61963
GBPUSD;2013.10.01;4822;74298
GBPUSD;2013.10.08;7999;82231
GBPUSD;2013.10.15;9191;81577
GBPUSD;2013.10.22;10446;82300
GBPUSD;2013.10.29;14110;76506
GBPUSD;2013.11.05;17023;65725
GBPUSD;2013.11.12;17364;64321
GBPUSD;2013.11.19;19700;68781
GBPUSD;2013.11.26;31699;75470
GBPUSD;2013.12.03;31086;101510
GBPUSD;2013.12.10;36685;106155
GBPUSD;2013.12.17;14211;84500
GBPUSD;2013.12.24;13237;87282
GBPUSD;2013.12.31;13130;96342
GBPUSD;2014.01.07;13381;85032
GBPUSD;2014.01.14;13494;83892
GBPUSD;2014.01.21;13575;85598
GBPUSD;2014.01.28;14809;101520
GBPUSD;2014.02.04;15797;85358
GBPUSD;2014.02.11;19102;85412
GBPUSD;2014.02.18;17792;107788
GBPUSD;2014.02.25;19780;119262
GBPUSD;2014.03.04;18342;119563
GBPUSD;2014.03.11;28194;125235
GBPUSD;2014.03.18;7419;100490
GBPUSD;2014.03.25;9965;94041
GBPUSD;2014.04.01;8124;98318
GBPUSD;2014.04.08;7659;104778
GBPUSD;2014.04.15;7555;114776
GBPUSD;2014.04.22;7228;118023
GBPUSD;2014.04.29;7645;118040
GBPUSD;2014.05.06;7652;125746
GBPUSD;2014.05.13;12986;119711
GBPUSD;2014.05.20;13946;115263
GBPUSD;2014.05.27;13614;120731
GBPUSD;2014.06.03;15509;116341
GBPUSD;2014.06.10;16548;121212
GBPUSD;2014.06.17;1934;105766
USDCHF;2013.01.08;2351;25811
USDCHF;2013.01.15;3824;25099
USDCHF;2013.01.22;6240;18153
USDCHF;2013.01.29;9696;18153
USDCHF;2013.02.05;4598;22873
USDCHF;2013.02.12;5042;23222
USDCHF;2013.02.19;7980;19142
USDCHF;2013.02.26;15339;18614
USDCHF;2013.03.05;23849;17957
USDCHF;2013.03.12;33190;17494
USDCHF;2013.03.19;29305;8806
USDCHF;2013.03.26;31044;8817
USDCHF;2013.04.02;32105;8813
USDCHF;2013.04.09;25250;9615
USDCHF;2013.04.16;23140;23223
USDCHF;2013.04.23;22799;24116
USDCHF;2013.04.30;27602;19304
USDCHF;2013.05.07;27883;19508
USDCHF;2013.05.14;35482;11878
USDCHF;2013.05.21;42226;11839
USDCHF;2013.05.28;44684;10847
USDCHF;2013.06.04;42287;11081
USDCHF;2013.06.11;37749;17007
USDCHF;2013.06.18;7230;10411
USDCHF;2013.06.25;7199;11197
USDCHF;2013.07.02;10096;8469
USDCHF;2013.07.09;13703;8250
USDCHF;2013.07.16;17359;8384
USDCHF;2013.07.23;14506;8471
USDCHF;2013.07.30;10584;9242
USDCHF;2013.08.06;11032;12810
USDCHF;2013.08.13;9716;14341
USDCHF;2013.08.20;10220;15717
USDCHF;2013.08.27;10865;17365
USDCHF;2013.09.03;11265;15415
USDCHF;2013.09.10;12104;12629
USDCHF;2013.09.17;8479;6987
USDCHF;2013.09.24;5077;17838
USDCHF;2013.10.01;5221;21691
USDCHF;2013.10.08;6071;26467
USDCHF;2013.10.15;7330;23896
USDCHF;2013.10.22;8965;25131
USDCHF;2013.10.29;9326;27937
USDCHF;2013.11.05;12740;25042
USDCHF;2013.11.12;18870;21837
USDCHF;2013.11.19;17958;20359
USDCHF;2013.11.26;18097;21926
USDCHF;2013.12.03;16283;24595
USDCHF;2013.12.10;11631;30833
USDCHF;2013.12.17;449;21563
USDCHF;2013.12.24;2156;23037
USDCHF;2013.12.31;3304;22087
USDCHF;2014.01.07;3622;14723
USDCHF;2014.01.14;6950;13735
USDCHF;2014.01.21;10887;12918
USDCHF;2014.01.28;7492;14413
USDCHF;2014.02.04;8461;15487
USDCHF;2014.02.11;8719;15634
USDCHF;2014.02.18;9780;18983
USDCHF;2014.02.25;9439;21796
USDCHF;2014.03.04;10467;26861
USDCHF;2014.03.11;7994;30679
USDCHF;2014.03.18;813;19941
USDCHF;2014.03.25;660;16703
USDCHF;2014.04.01;3138;15919
USDCHF;2014.04.08;9073;14406
USDCHF;2014.04.15;6634;16371
USDCHF;2014.04.22;6582;16006
USDCHF;2014.04.29;6343;16457
USDCHF;2014.05.06;5554;20443
USDCHF;2014.05.13;9217;8862
USDCHF;2014.05.20;14344;8475
USDCHF;2014.05.27;19998;8387
USDCHF;2014.06.03;22555;9359
USDCHF;2014.06.10;23525;8754
USDCHF;2014.06.17;5020;2190
USDJPY;2013.01.08;81990;13167
USDJPY;2013.01.15;75209;12338
USDJPY;2013.01.22;77237;12130
USDJPY;2013.01.29;88636;12537
USDJPY;2013.02.05;99580;12677
USDJPY;2013.02.12;103825;14188
USDJPY;2013.02.19;106818;15051
USDJPY;2013.02.26;104902;14573
USDJPY;2013.03.05;114351;15027
USDJPY;2013.03.12;137822;17092
USDJPY;2013.03.19;98355;14504
USDJPY;2013.03.26;103147;18782
USDJPY;2013.04.02;99836;25297
USDJPY;2013.04.09;108488;23630
USDJPY;2013.04.16;118477;20350
USDJPY;2013.04.23;107794;22294
USDJPY;2013.04.30;104066;26822
USDJPY;2013.05.07;110698;26088
USDJPY;2013.05.14;120530;26354
USDJPY;2013.05.21;128097;25721
USDJPY;2013.05.28;127534;24995
USDJPY;2013.06.04;115566;31524
USDJPY;2013.06.11;110064;36672
USDJPY;2014.06.17;84148;7588
USDJPY;2013.06.18;87747;4789
USDJPY;2013.06.25;80784;5601
USDJPY;2013.07.02;95104;4118
USDJPY;2013.07.09;106237;3541
USDJPY;2013.07.16;108780;5334
USDJPY;2013.07.23;111844;5273
USDJPY;2013.07.30;101437;10256
USDJPY;2013.08.06;97330;9685
USDJPY;2013.08.13;85433;8808
USDJPY;2013.08.20;85582;13228
USDJPY;2013.08.27;91184;13982
USDJPY;2013.09.03;99458;10446
USDJPY;2013.09.10;112818;6157
USDJPY;2013.09.17;86916;3739
USDJPY;2013.09.24;89069;6443
USDJPY;2013.10.01;86906;11866
USDJPY;2013.10.08;74534;21172
USDJPY;2013.10.15;74136;19061
USDJPY;2013.10.22;78370;10787
USDJPY;2013.10.29;73451;10815
USDJPY;2013.11.05;86326;8950
USDJPY;2013.11.12;108594;5783
USDJPY;2013.11.19;125322;6378
USDJPY;2013.11.26;138777;4991
USDJPY;2013.12.03;148164;4039
USDJPY;2013.12.10;145334;9695
USDJPY;2013.12.17;117342;4665
USDJPY;2013.12.24;127448;5772
USDJPY;2013.12.31;121792;6492
USDJPY;2014.01.07;118407;10626
USDJPY;2014.01.14;106752;13499
USDJPY;2014.01.21;103982;17221
USDJPY;2014.01.28;83311;33443
USDJPY;2014.02.04;83358;40582
USDJPY;2014.02.11;84301;40931
USDJPY;2014.02.18;85445;38326
USDJPY;2014.02.25;89792;39880
USDJPY;2014.03.04;84547;36399
USDJPY;2014.03.11;97304;28513
USDJPY;2014.03.18;79833;10984
USDJPY;2014.03.25;93589;9721
USDJPY;2014.04.01;115453;10089
USDJPY;2014.04.08;112183;13948
USDJPY;2014.04.15;91562;17182
USDJPY;2014.04.22;93996;17017
USDJPY;2014.04.29;99672;15985
USDJPY;2014.05.06;87569;17973
USDJPY;2014.05.13;90982;15570
USDJPY;2014.05.20;81118;28266
USDJPY;2014.05.27;83254;22942
USDJPY;2014.06.03;94759;14965
USDJPY;2014.06.10;97764;16200
USDCAD;2014.06.24;10590;15211
USDCHF;2014.06.24;11790;2902
GBPUSD;2014.06.24;3909;110583
USDJPY;2014.06.24;80770;9012
EURUSD;2014.06.24;124921;17971
AUDUSD;2014.06.24;1319;38262
XAGUSD;2014.06.24;33976;47200
XAUUSD;2014.06.24;57677;151141
USDCAD;2014.07.01;10697;29589
USDCHF;2014.07.01;11949;1517
GBPUSD;2014.07.01;2551;111137
USDJPY;2014.07.01;75858;23509
EURUSD;2014.07.01;123003;17969
AUDUSD;2014.07.01;1913;46781
XAGUSD;2014.07.01;32818;54973
XAUUSD;2014.07.01;51592;159726
XAUUSD;2014.04.01;48309;137605
XAUUSD;2014.04.08;52999;130873
XAUUSD;2014.04.15;56204;129224
XAUUSD;2014.04.22;59228;134264
XAUUSD;2014.04.29;59711;140198
XAUUSD;2014.05.06;55586;147322
XAUUSD;2014.05.13;60842;137248
XAUUSD;2014.05.20;55661;135597
XAUUSD;2014.05.26;65353;129094
XAUUSD;2014.06.03;67407;116486
XAUUSD;2014.06.10;67848;117134
XAUUSD;2014.06.17;66800;127539
USDCAD;2014.07.08;14134;43397
USDCHF;2014.07.08;12000;1770
GBPUSD;2014.07.08;8530;108837
USDJPY;2014.07.08;84162;22591
EURUSD;2014.07.08;131401;16599
AUDUSD;2014.07.08;1715;38666
XAGUSD;2014.07.08;33136;58381
XAUUSD;2014.07.08;57659;165927
USDCAD;2014.07.15;14739;48192
USDCHF;2014.07.15;12027;992
GBPUSD;2014.07.15;9926;109054
USDJPY;2014.07.15;84732;27713
EURUSD;2014.07.15;134432;15670
AUDUSD;2014.07.15;1428;40282
XAGUSD;2014.07.15;31818;55410
XAUUSD;2014.07.15;59019;160798
USDCAD;2014.07.22;14675;50759
USDCHF;2014.07.22;15132;57
GBPUSD;2014.07.22;11792;96954
USDJPY;2014.07.22;84823;37392
EURUSD;2014.07.22;155038;13639
AUDUSD;2014.07.22;1593;43872
XAGUSD;2014.07.22;32669;56853
XAUUSD;2014.07.22;61849;164723
USDCAD;2014.07.29;14554;54184
USDCHF;2014.07.29;20678;39
GBPUSD;2014.07.29;10315;86866
USDJPY;2014.07.29;95609;26794
EURUSD;2014.07.29;171311;13610
AUDUSD;2014.07.29;2829;43072
XAGUSD;2014.07.29;33964;57679
XAUUSD;2014.07.29;58093;151446
USDCAD;2014.08.05;14029;49373
USDCHF;2014.08.05;34956;1605
GBPUSD;2014.08.05;23326;73549
USDJPY;2014.08.05;111391;10849
EURUSD;2014.08.05;196767;14657
AUDUSD;2014.08.05;4462;31590
XAGUSD;2014.08.05;34997;52304
XAUUSD;2014.08.05;58268;142376
USDCAD;2014.08.12;14780;42058
USDCHF;2014.08.12;34216;1457
GBPUSD;2014.08.12;26450;72755
USDJPY;2014.08.12;108904;28040
EURUSD;2014.08.12;199980;16316
AUDUSD;2014.08.12;9662;30199
XAGUSD;2014.08.12;33068;48978
XAUUSD;2014.08.12;53137;158448
USDCAD;2014.08.19;18688;36707
USDCHF;2014.08.19;31958;1680
GBPUSD;2014.08.19;46718;73026
USDJPY;2014.08.19;113309;18072
EURUSD;2014.08.19;208273;18177
AUDUSD;2014.08.19;3258;33603
XAGUSD;2014.08.19;34521;46755
XAUUSD;2014.08.19;58213;151772
USDCAD;2014.08.26;19363;34899
USDCHF;2014.08.26;30591;1628
GBPUSD;2014.08.26;61761;72832
USDJPY;2014.08.26;128155;7250
EURUSD;2014.08.26;217173;18511
AUDUSD;2014.08.26;2526;38253
XAGUSD;2014.08.26;35030;47446
XAUUSD;2014.08.26;62318;143707
USDCAD;2014.09.02;18078;39647
USDCHF;2014.09.02;33012;1984
GBPUSD;2014.09.02;72581;74580
USDJPY;2014.09.02;143384;8272
EURUSD;2014.09.02;230734;19784
AUDUSD;2014.09.02;2104;44334
XAGUSD;2014.09.02;35963;44932
XAUUSD;2014.09.02;69658;134954
_DXY;2014.03.04;10130;7740
_DXY;2014.03.11;9922;7755
_DXY;2014.03.18;13122;153
_DXY;2014.03.25;12455;526
_DXY;2014.04.01;12457;809
_DXY;2014.04.08;9782;8654
_DXY;2014.04.15;9851;7765
_DXY;2014.04.22;9851;7747
_DXY;2014.04.29;9851;7696
_DXY;2014.05.06;9862;6647
_DXY;2014.05.13;10389;6506
_DXY;2014.05.20;10133;6812
_DXY;2014.05.27;10213;7136
_DXY;2014.06.03;10203;7413
_DXY;2014.06.10;9837;7457
_DXY;2014.06.17;10876;29818
_DXY;2014.06.24;10783;29781
_DXY;2014.07.01;10574;28786
_DXY;2014.07.08;10574;28477
_DXY;2014.07.15;10937;28474
_DXY;2014.07.22;11328;28998
_DXY;2014.07.29;12031;30232
_DXY;2014.08.05;12317;33441
_DXY;2014.08.12;12938;33240
_DXY;2014.08.19;13350;33228
_DXY;2014.08.26;13783;33328
_DXY;2014.09.02;13805;33072
USDCAD;2014.09.09;20022;38282
USDCHF;2014.09.09;34804;3192
GBPUSD;2014.09.09;94051;84818
USDJPY;2014.09.09;130762;6892
EURUSD;2014.09.09;228008;27374
AUDUSD;2014.09.09;2242;36225
_DXY;2014.09.09;13991;33038
XAGUSD;2014.09.09;35062;41902
XAUUSD;2014.09.09;70734;129940
USDCAD;2014.09.16;23999;34272
USDCHF;2014.09.16;31946;1869
GBPUSD;2014.09.16;16852;7370
USDJPY;2014.09.16;112322;3664
EURUSD;2014.09.16;185302;16873
AUDUSD;2014.09.16;17520;19562
_DXY;2014.09.16;14006;56131
XAGUSD;2014.09.16;34780;38985
XAUUSD;2014.09.16;72485;115745
USDCAD;2014.09.23;4781;8071
USDCHF;2014.09.23;33320;2401
GBPUSD;2014.09.23;15086;8023
USDJPY;2014.09.23;127486;4589
EURUSD;2014.09.23;193302;19225
AUDUSD;2014.09.23;26162;18000
_DXY;2014.09.23;13275;56464
XAGUSD;2014.09.23;36139;34397
XAUUSD;2014.09.23;75993;109473
USDCAD;2014.09.30;7131;6665
USDCHF;2014.09.30;35129;3032
GBPUSD;2014.09.30;9989;12717
USDJPY;2014.09.30;140967;7629
EURUSD;2014.09.30;199628;27283
AUDUSD;2014.09.30;44470;17003
_DXY;2014.09.30;13596;56357
XAGUSD;2014.09.30;38167;35002
XAUUSD;2014.09.30;72866;101792
USDCAD;2014.10.07;10358;5313
USDCHF;2014.10.07;35977;3555
GBPUSD;2014.10.07;19469;14584
USDJPY;2014.10.07;123682;4361
EURUSD;2014.10.07;219948;29711
AUDUSD;2014.10.07;64159;14773
_DXY;2014.10.07;14219;56085
XAGUSD;2014.10.07;37547;35848
XAUUSD;2014.10.07;62844;95333
USDCAD;2014.10.14;16316;1963
USDCHF;2014.10.14;41370;3812
GBPUSD;2014.10.14;38987;16869
USDJPY;2014.10.14;120134;8161
EURUSD;2014.10.14;234639;34969
AUDUSD;2014.10.14;69036;14548
_DXY;2014.10.14;15012;56428
XAGUSD;2014.10.14;36502;35336
XAUUSD;2014.10.14;55993;102357
_NQ100;2014.08.05;5827;43339
_NQ100;2014.08.12;6670;40658
_NQ100;2014.08.19;7694;40307
_NQ100;2014.08.26;6926;39048
_NQ100;2014.09.02;7080;40163
_NQ100;2014.09.09;6062;40344
_NQ100;2014.09.16;6886;45536
_NQ100;2014.09.23;3941;48445
_NQ100;2014.09.30;2960;49058
_NQ100;2014.10.07;3462;49095
_NQ100;2014.10.14;4903;48291
_SP500;2014.09.30;40900;183106
_SP500;2014.10.07;40033;167384
_SP500;2014.10.14;39797;175315
USDCAD;2014.10.21;22117;1118
USDCHF;2014.10.21;39675;3649
GBPUSD;2014.10.21;49968;15794
USDJPY;2014.10.21;89552;9817
EURUSD;2014.10.21;237053;36007
AUDUSD;2014.10.21;70197;14345
_NQ100;2014.10.21;4365;36901
_DXY;2014.10.21;15759;56002
_SP500;2014.10.21;43239;140417
XAGUSD;2014.10.21;38471;35041
XAUUSD;2014.10.21;55548;115531
USDCAD;2014.10.28;21162;475
USDCHF;2014.10.28;40831;3447
GBPUSD;2014.10.28;45058;15363
USDJPY;2014.10.28;87199;14450
EURUSD;2014.10.28;241419;33927
AUDUSD;2014.10.28;68582;15561
_NQ100;2014.10.28;4465;38385
_DXY;2014.10.28;16021;55922
_SP500;2014.10.28;42295;151738
XAGUSD;2014.10.28;37608;33873
XAUUSD;2014.10.28;64780;113829
USDCAD;2014.11.04;26018;315
USDCHF;2014.11.04;42095;3589
GBPUSD;2014.11.04;51571;16173
USDJPY;2014.11.04;100140;8743
EURUSD;2014.11.04;260855;33545
AUDUSD;2014.11.04;74265;12793
_NQ100;2014.11.04;4018;42988
_DXY;2014.11.04;16772;56249
_SP500;2014.11.04;42019;175363
XAGUSD;2014.11.04;37775;31151
XAUUSD;2014.11.04;76965;94482
USDCAD;2014.11.11;25861;546
USDCHF;2014.11.11;42407;3481
GBPUSD;2014.11.11;53803;17874
USDJPY;2014.11.11;116647;11223
EURUSD;2014.11.11;260884;50344
AUDUSD;2014.11.11;78600;13358
_NQ100;2014.11.11;4252;48799
_DXY;2014.11.11;16735;56639
_SP500;2014.11.11;42184;187373
XAGUSD;2014.11.11;35143;33427
XAUUSD;2014.11.11;81186;93347
USDCAD;2014.11.18;25924;703
USDCHF;2014.11.18;41168;3347
GBPUSD;2014.11.18;69281;17299
USDJPY;2014.11.18;126680;9072
EURUSD;2014.11.18;261649;49513
AUDUSD;2014.11.18;75749;12900
_NQ100;2014.11.18;4004;49378
_DXY;2014.11.18;15409;56694
_SP500;2014.11.18;40553;205309
XAGUSD;2014.11.18;34308;34583
XAUUSD;2014.11.18;77541;108286
USDCAD;2014.11.25;20932;1649
USDCHF;2014.11.25;40654;3061
GBPUSD;2014.11.25;84824;15990
USDJPY;2014.11.25;137981;6358
EURUSD;2014.11.25;260302;51029
AUDUSD;2014.11.25;78695;11035
_NQ100;2014.11.25;4658;47870
_DXY;2014.11.25;16310;56963
_SP500;2014.11.25;40886;200636
XAGUSD;2014.11.25;35892;35720
XAUUSD;2014.11.25;75262;106985
USDCAD;2014.12.02;22001;1940
USDCHF;2014.12.02;40639;3067
GBPUSD;2014.12.02;88838;15989
USDJPY;2014.12.02;142745;4499
EURUSD;2014.12.02;249872;51923
AUDUSD;2014.12.02;82168;11144
_NQ100;2014.12.02;4910;49295
_DXY;2014.12.02;16106;57085
_SP500;2014.12.02;40171;206130
XAGUSD;2014.12.02;35483;39709
XAUUSD;2014.12.02;68077;112156
USDCAD;2014.12.09;27707;6438
USDCHF;2014.12.09;40920;3836
GBPUSD;2014.12.09;96319;28896
USDJPY;2014.12.09;138885;15715
EURUSD;2014.12.09;240542;69037
AUDUSD;2014.12.09;88056;9092
_NQ100;2014.12.09;4402;49905
_DXY;2014.12.09;16719;57027
_SP500;2014.12.09;36169;211208
XAGUSD;2014.12.09;33815;44199
XAUUSD;2014.12.09;54078;115704
USDCAD;2014.12.16;27168;6270
USDCHF;2014.12.16;20072;2509
GBPUSD;2014.12.16;65156;6380
USDJPY;2014.12.16;80020;5313
EURUSD;2014.12.16;169095;9503
AUDUSD;2014.12.16;61551;928
_NQ100;2014.12.16;4478;48170
_DXY;2014.12.16;15407;54405
_SP500;2014.12.16;35471;222938
XAGUSD;2014.12.16;33933;43751
XAUUSD;2014.12.16;58092;113829
USDCAD;2014.12.23;16619;1571
USDCHF;2014.12.23;34392;2560
GBPUSD;2014.12.23;70152;6624
USDJPY;2014.12.23;94556;8709
EURUSD;2014.12.23;190661;11119
AUDUSD;2014.12.23;65050;1379
_NQ100;2014.12.23;2829;41220
_DXY;2014.12.23;16640;55830
_SP500;2014.12.23;37597;223421
_DJI;2014.12.23;36870;69238
XAGUSD;2014.12.23;34870;42614
XAUUSD;2014.12.23;63961;118563
USDCAD;2014.12.30;17404;1331
USDCHF;2014.12.30;37581;2504
GBPUSD;2014.12.30;71161;6136
USDJPY;2014.12.30;94640;9295
EURUSD;2014.12.30;198138;11802
AUDUSD;2014.12.30;66806;1377
_NQ100;2014.12.30;3368;40914
_DXY;2014.12.30;17324;55751
_SP500;2014.12.30;36214;226369
_DJI;2014.12.30;36772;74503
XAGUSD;2014.12.30;32145;43961
XAUUSD;2014.12.30;59587;118521
USDCAD;2015.01.06;19879;1751
USDCHF;2015.01.06;46759;2434
GBPUSD;2015.01.06;81932;6540
USDJPY;2015.01.06;94241;12046
EURUSD;2015.01.06;218154;13695
AUDUSD;2015.01.06;75867;625
_NQ100;2015.01.06;3270;40888
_DXY;2015.01.06;17810;79588
_SP500;2015.01.06;34697;223287
_DJI;2015.01.06;38168;78388
XAGUSD;2015.01.06;31238;43952
XAUUSD;2015.01.06;58869;122190
USDCAD;2015.01.13;22920;1625
USDCHF;2015.01.13;49575;2554
GBPUSD;2015.01.13;97843;8283
USDJPY;2015.01.13;105877;12208
EURUSD;2015.01.13;227040;12119
AUDUSD;2015.01.13;74038;864
_NQ100;2015.01.13;2674;37679
_DXY;2015.01.13;14111;88411
_SP500;2015.01.13;34415;207166
_DJI;2015.01.13;40448;75934
XAGUSD;2015.01.13;29449;46746
XAUUSD;2015.01.13;57011;129980
USDCAD;2015.01.20;29404;1396
USDCHF;2015.01.20;25986;5686
GBPUSD;2015.01.20;109230;7604
USDJPY;2015.01.20;89363;13441
EURUSD;2015.01.20;247118;13740
AUDUSD;2015.01.20;73934;342
_NQ100;2015.01.20;2947;35413
_DXY;2015.01.20;13677;90603
_SP500;2015.01.20;34878;200212
_DJI;2015.01.20;39300;70444
XAGUSD;2015.01.20;28740;51969
XAUUSD;2015.01.20;56831;148999
USDCAD;2015.01.27;28903;1615
USDCHF;2015.01.27;20398;5878
GBPUSD;2015.01.27;110432;7330
USDJPY;2015.01.27;80242;17113
EURUSD;2015.01.27;242417;13348
AUDUSD;2015.01.27;85225;380
_NQ100;2015.01.27;3996;35690
_DXY;2015.01.27;13021;90327
_SP500;2015.01.27;33065;200800
_DJI;2015.01.27;44634;67491
XAGUSD;2015.01.27;28383;55244
XAUUSD;2015.01.27;49720;159364
USDCAD;2015.02.03;32164;1532
USDCHF;2015.02.03;16162;5248
GBPUSD;2015.02.03;111735;8087
USDJPY;2015.02.03;82165;20102
EURUSD;2015.02.03;253074;12145
AUDUSD;2015.02.03;92488;274
_NQ100;2015.02.03;5419;36076
_DXY;2015.02.03;13891;90154
_SP500;2015.02.03;34823;180088
_DJI;2015.02.03;38989;70007
XAGUSD;2015.02.03;30333;54511
XAUUSD;2015.02.03;52559;165246
USDCAD;2015.02.10;39939;2544
USDCHF;2015.02.10;16411;5300
GBPUSD;2015.02.10;106768;9373
USDJPY;2015.02.10;86869;19337
EURUSD;2015.02.10;243865;13861
AUDUSD;2015.02.10;89013;571
_NQ100;2015.02.10;4982;37159
_DXY;2015.02.10;13883;89517
_SP500;2015.02.10;34023;175367
_DJI;2015.02.10;34285;69558
XAGUSD;2015.02.10;31018;53136
XAUUSD;2015.02.10;58748;150833
USDCAD;2015.02.17;36878;2513
USDCHF;2015.02.17;16714;5097
GBPUSD;2015.02.17;92781;9408
USDJPY;2015.02.17;79169;21519
EURUSD;2015.02.17;235635;15054
AUDUSD;2015.02.17;90630;956
_NQ100;2015.02.17;3236;43440
_DXY;2015.02.17;14350;89408
_SP500;2015.02.17;32654;174559
_DJI;2015.02.17;34105;78276
XAGUSD;2015.02.17;33248;51936
XAUUSD;2015.02.17;63983;133473
USDCAD;2015.02.24;40999;3404
USDCHF;2015.02.24;17615;4375
GBPUSD;2015.02.24;86801;10220
USDJPY;2015.02.24;78614;22756
EURUSD;2015.02.24;226718;18461
AUDUSD;2015.02.24;100558;856
_NQ100;2015.02.24;3060;45629
_DXY;2015.02.24;15303;91238
_SP500;2015.02.24;33417;167122
_DJI;2015.02.24;33726;76776
XAGUSD;2015.02.24;31875;49911
XAUUSD;2015.02.24;67813;132099
USDCAD;2015.03.03;41209;3247
USDCHF;2015.03.03;21731;5750
GBPUSD;2015.03.03;80773;9855
USDJPY;2015.03.03;85116;22733
EURUSD;2015.03.03;227513;24556
AUDUSD;2015.03.03;96742;1981
_NQ100;2015.03.03;3087;48304
_DXY;2015.03.03;15421;91090
_SP500;2015.03.03;38024;156699
_DJI;2015.03.03;34236;74528
XAGUSD;2015.03.03;31860;47220
XAUUSD;2015.03.03;71498;128564
USDCAD;2015.03.10;47559;3001
USDCHF;2015.03.10;27685;5894
GBPUSD;2015.03.10;98642;12752
USDJPY;2015.03.10;93178;22415
EURUSD;2015.03.10;224842;30059
AUDUSD;2015.03.10;118428;4776
_NQ100;2015.03.10;3714;48401
_DXY;2015.03.10;17337;91716
_SP500;2015.03.10;57315;151524
_DJI;2015.03.10;35260;72424
XAGUSD;2015.03.10;32599;45741
XAUUSD;2015.03.10;78066;115461
USDCAD;2015.03.17;43302;2906
USDCHF;2015.03.17;15457;3445
GBPUSD;2015.03.17;105705;5271
USDJPY;2015.03.17;62362;5062
EURUSD;2015.03.17;180155;8485
AUDUSD;2015.03.17;104643;968
_NQ100;2015.03.17;3835;45059
_DXY;2015.03.17;18313;70319
_SP500;2015.03.17;57266;160763
_DJI;2015.03.17;35243;63523
XAGUSD;2015.03.17;32916;45532
XAUUSD;2015.03.17;76537;89719
USDCAD;2015.03.24;39885;4416
USDCHF;2015.03.24;19224;2552
GBPUSD;2015.03.24;106131;2744
USDJPY;2015.03.24;49775;7995
EURUSD;2015.03.24;200278;7690
AUDUSD;2015.03.24;100198;2189
_NQ100;2015.03.24;2862;45847
_DXY;2015.03.24;14826;70644
_SP500;2015.03.24;38109;151637
_DJI;2015.03.24;37052;71685
XAGUSD;2015.03.24;32048;49907
XAUUSD;2015.03.24;81595;89221
USDCAD;2015.03.31;41901;11177
USDCHF;2015.03.31;17588;2675
GBPUSD;2015.03.31;111247;3140
USDJPY;2015.03.31;42986;17913
EURUSD;2015.03.31;208623;9791
AUDUSD;2015.03.31;99663;2150
_NQ100;2015.03.31;2812;42408
_DXY;2015.03.31;16425;71978
_SP500;2015.03.31;38028;136941
_DJI;2015.03.31;36948;63117
XAGUSD;2015.03.31;29612;52103
XAUUSD;2015.03.31;70154;100941
USDCAD;2015.04.07;43301;12781
USDCHF;2015.04.07;16327;2066
GBPUSD;2015.04.07;112342;4742
USDJPY;2015.04.07;44596;16803
EURUSD;2015.04.07;193390;8564
AUDUSD;2015.04.07;121612;2228
_NQ100;2015.04.07;2825;42537
_DXY;2015.04.07;16248;71936
_SP500;2015.04.07;36435;142110
_DJI;2015.04.07;36354;64215
XAGUSD;2015.04.07;30325;52800
XAUUSD;2015.04.07;62352;109723
USDCAD;2015.04.14;43753;12654
USDCHF;2015.04.14;17600;2237
GBPUSD;2015.04.14;118865;5344
USDJPY;2015.04.14;45828;23906
EURUSD;2015.04.14;188977;11333
AUDUSD;2015.04.14;127651;2058
_NQ100;2015.04.14;2592;44262
_DXY;2015.04.14;16979;73214
_SP500;2015.04.14;37580;146821
_DJI;2015.04.14;35845;74046
XAGUSD;2015.04.14;31239;49418
XAUUSD;2015.04.14;59580;102869
USDCAD;2015.04.21;40582;18717
USDCHF;2015.04.21;15997;3338
GBPUSD;2015.04.21;104482;5610
USDJPY;2015.04.21;44925;28920
EURUSD;2015.04.21;186085;10458
AUDUSD;2015.04.21;118822;2219
_NQ100;2015.04.21;2675;43740
_DXY;2015.04.21;17458;72794
_SP500;2015.04.21;36943;142432
_DJI;2015.04.21;35824;70324
XAGUSD;2015.04.21;34293;45824
XAUUSD;2015.04.21;58445;109900
USDCAD;2015.04.28;39475;27767
USDCHF;2015.04.28;16000;5026
GBPUSD;2015.04.28;97716;7196
USDJPY;2015.04.28;43274;43812
EURUSD;2015.04.28;172840;22674
AUDUSD;2015.04.28;101044;1256
_NQ100;2015.04.28;2063;46404
_DXY;2015.04.28;17273;72374
_SP500;2015.04.28;35243;138878
_DJI;2015.04.28;35921;76462
XAGUSD;2015.04.28;33666;46911
XAUUSD;2015.04.28;57350;110507
USDCAD;2015.05.05;38847;40003
USDCHF;2015.05.05;15052;9346
GBPUSD;2015.05.05;94073;30183
USDJPY;2015.05.05;65901;29426
EURUSD;2015.05.05;164383;22841
AUDUSD;2015.05.05;91378;25066
_NQ100;2015.05.05;3066;41472
_DXY;2015.05.05;17575;72304
_SP500;2015.05.05;35249;121361
_DJI;2015.05.05;38082;69602
XAGUSD;2015.05.05;33648;48312
XAUUSD;2015.05.05;66517;100514
USDCAD;2015.05.12;38554;52477
USDCHF;2015.05.12;11631;13771
GBPUSD;2015.05.12;97261;32743
USDJPY;2015.05.12;66623;34874
EURUSD;2015.05.12;162980;30395
AUDUSD;2015.05.12;94229;29051
_NQ100;2015.05.12;3365;38189
_DXY;2015.05.12;4105;72073
_SP500;2015.05.12;35957;134627
_DJI;2015.05.12;35687;67006
XAGUSD;2015.05.12;34547;49726
XAUUSD;2015.05.12;65253;99432
USDCAD;2015.05.19;39062;57769
USDCHF;2015.05.19;11529;14717
GBPUSD;2015.05.19;80290;41489
USDJPY;2015.05.19;83731;36232
EURUSD;2015.05.19;157044;34212
AUDUSD;2015.05.19;94172;35100
_NQ100;2015.05.19;3330;38879
_DXY;2015.05.19;4558;71927
_SP500;2015.05.19;35732;146686
_DJI;2015.05.19;35711;69015
XAGUSD;2015.05.19;31077;59557
XAUUSD;2015.05.19;61564;116989
USDCAD;2015.05.26;38691;55048
USDCHF;2015.05.26;12293;13319
GBPUSD;2015.05.26;73400;37887
USDJPY;2015.05.26;114719;14748
EURUSD;2015.05.26;151039;30794
AUDUSD;2015.05.26;99034;32128
_NQ100;2015.05.26;3094;37673
_DXY;2015.05.26;5271;72156
_SP500;2015.05.26;37738;131476
_DJI;2015.05.26;36097;68916
XAGUSD;2015.05.26;31865;59255
XAUUSD;2015.05.26;66036;101323
USDCAD;2015.06.02;39304;44647
USDCHF;2015.06.02;12456;12171
GBPUSD;2015.06.02;74112;32992
USDJPY;2015.06.02;126916;3232
EURUSD;2015.06.02;140496;24415
AUDUSD;2015.06.02;112886;23434
_NQ100;2015.06.02;3971;45072
_DXY;2015.06.02;5345;72317
_SP500;2015.06.02;37641;138473
_DJI;2015.06.02;36666;68516
XAGUSD;2015.06.02;35081;60645
XAUUSD;2015.06.02;67739;102263
USDCAD;2015.06.09;43102;36448
USDCHF;2015.06.09;10222;11238
GBPUSD;2015.06.09;76298;31921
USDJPY;2015.06.09;158583;994
EURUSD;2015.06.09;130051;40482
AUDUSD;2015.06.09;108506;17850
_NQ100;2015.06.09;5332;39926
_DXY;2015.06.09;1871;72160
_SP500;2015.06.09;52809;129130
_DJI;2015.06.09;44443;64939
XAGUSD;2015.06.09;40693;53830
XAUUSD;2015.06.09;77467;94753
USDCAD;2015.06.16;44177;36812
USDCHF;2015.06.16;2411;2333
GBPUSD;2015.06.16;45321;8762
USDJPY;2015.06.16;128193;782
EURUSD;2015.06.16;113798;5201
AUDUSD;2015.06.16;68493;4083
_DXY;2015.06.16;1841;54289
_DJI;2015.06.16;37888;64085
XAGUSD;2015.06.16;42893;52374
XAUUSD;2015.06.16;76500;93746
USDCAD;2015.06.23;14237;4314
USDCHF;2015.06.23;2363;4419
GBPUSD;2015.06.23;44580;28376
USDJPY;2015.06.23;139345;6292
EURUSD;2015.06.23;124562;6721
AUDUSD;2015.06.23;74462;3918
_DXY;2015.06.23;1816;58924
_DJI;2015.06.23;36241;79577
XAGUSD;2015.06.23;42270;50296
XAUUSD;2015.06.23;71617;96970
USDCAD;2015.06.30;18462;3813
USDCHF;2015.06.30;2447;4825
GBPUSD;2015.06.30;44340;41161
USDJPY;2015.06.30;138067;20848
EURUSD;2015.06.30;129039;9540
AUDUSD;2015.06.30;79327;3845
_NQ100;2015.06.30;4070;41486
_DXY;2015.06.30;2119;62871
_SP500;2015.06.30;45957;100986
_DJI;2015.06.30;37706;60261
XAGUSD;2015.06.30;45597;48352
XAUUSD;2015.06.30;77261;86957
USDCAD;2015.07.07;36247;2333
USDCHF;2015.07.07;4806;3223
GBPUSD;2015.07.07;45577;27132
USDJPY;2015.07.07;135404;33846
EURUSD;2015.07.07;135274;11393
AUDUSD;2015.07.07;94492;414
_NQ100;2015.07.07;4133;38828
_DXY;2015.07.07;2922;69717
_SP500;2015.07.07;46756;94514
_DJI;2015.07.07;36296;57322
XAGUSD;2015.07.07;47474;47563
XAUUSD;2015.07.07;82437;81615
USDCAD;2015.07.14;51386;1224
USDCHF;2015.07.14;4755;2749
GBPUSD;2015.07.14;46007;24657
USDJPY;2015.07.14;131772;48695
EURUSD;2015.07.14;131332;8737
AUDUSD;2015.07.14;111693;379
_NQ100;2015.07.14;3661;40827
_DXY;2015.07.14;3651;71988
_SP500;2015.07.14;46766;106297
_DJI;2015.07.14;38230;55348
XAGUSD;2015.07.14;45720;45125
XAUUSD;2015.07.14;81349;77775
USDCAD;2015.07.21;62273;1313
USDCHF;2015.07.21;7745;2050
GBPUSD;2015.07.21;46064;32659
USDJPY;2015.07.21;133032;36517
EURUSD;2015.07.21;134966;9140
AUDUSD;2015.07.21;127204;404
_NQ100;2015.07.21;3385;45243
_DXY;2015.07.21;3752;78390
_SP500;2015.07.21;45773;113544
_DJI;2015.07.21;36052;62251
XAGUSD;2015.07.21;46724;42762
XAUUSD;2015.07.21;80298;62079
USDCAD;2015.07.28;75872;1282
USDCHF;2015.07.28;11644;1707
GBPUSD;2015.07.28;45769;42185
USDJPY;2015.07.28;132599;34767
EURUSD;2015.07.28;121411;10965
AUDUSD;2015.07.28;139357;896
_NQ100;2015.07.28;3514;50931
_DXY;2015.07.28;3616;78084
_SP500;2015.07.28;50897;115627
_DJI;2015.07.28;37246;54973
XAGUSD;2015.07.28;45006;41563
XAUUSD;2015.07.28;83026;61828
USDCAD;2015.08.04;86296;1379
USDCHF;2015.08.04;16217;2243
GBPUSD;2015.08.04;46762;39074
USDJPY;2015.08.04;137110;16863
EURUSD;2015.08.04;133619;12271
AUDUSD;2015.08.04;137848;1167
_NQ100;2015.08.04;3748;47721
_DXY;2015.08.04;3727;81774
_SP500;2015.08.04;56472;105823
_DJI;2015.08.04;37377;60280
XAGUSD;2015.08.04;42806;40581
XAUUSD;2015.08.04;87818;63235
USDCAD;2015.08.11;90858;3199
USDCHF;2015.08.11;23257;878
GBPUSD;2015.08.11;48178;29230
USDJPY;2015.08.11;152232;3335
EURUSD;2015.08.11;124248;16530
AUDUSD;2015.08.11;134850;1115
_NQ100;2015.08.11;5184;45043
_DXY;2015.08.11;4221;84498
_SP500;2015.08.11;60826;106412
_DJI;2015.08.11;43180;50079
XAGUSD;2015.08.11;39402;41312
XAUUSD;2015.08.11;86266;67040
USDCAD;2015.08.18;87394;2903
USDCHF;2015.08.18;25053;969
GBPUSD;2015.08.18;47345;36405
USDJPY;2015.08.18;137026;11081
EURUSD;2015.08.18;117159;36459
AUDUSD;2015.08.18;133525;1090
_NQ100;2015.08.18;4983;45863
_DXY;2015.08.18;4024;82728
_SP500;2015.08.18;61142;106017
_DJI;2015.08.18;45992;42433
XAGUSD;2015.08.18;39055;41050
XAUUSD;2015.08.18;86133;70002
USDCAD;2015.08.25;84451;3043
USDCHF;2015.08.25;20896;1353
GBPUSD;2015.08.25;47623;34627
USDJPY;2015.08.25;125007;64856
EURUSD;2015.08.25;120319;54869
AUDUSD;2015.08.25;145077;1194
_NQ100;2015.08.25;8691;27868
_DXY;2015.08.25;3500;71304
_SP500;2015.08.25;87882;111668
_DJI;2015.08.25;47389;39758
XAGUSD;2015.08.25;39352;40055
XAUUSD;2015.08.25;82325;79068
USDCAD;2015.09.01;76314;3094
USDCHF;2015.09.01;18204;2176
GBPUSD;2015.09.01;63016;9524
USDJPY;2015.09.01;123594;91692
EURUSD;2015.09.01;124657;59769
AUDUSD;2015.09.01;140570;1310
_NQ100;2015.09.01;10503;22541
_DXY;2015.09.01;3265;66768
_SP500;2015.09.01;128795;87975
_DJI;2015.09.01;46723;36140
XAGUSD;2015.09.01;36426;38090
XAUUSD;2015.09.01;74975;76778
USDCAD;2015.09.08;70067;4518
USDCHF;2015.09.08;19108;2169
GBPUSD;2015.09.08;84307;8496
USDJPY;2015.09.08;124630;100324
EURUSD;2015.09.08;137255;54179
AUDUSD;2015.09.08;141499;1552
_NQ100;2015.09.08;11498;20976
_DXY;2015.09.08;1766;68459
_SP500;2015.09.08;145815;68158
_DJI;2015.09.08;40701;36594
XAGUSD;2015.09.08;32298;37520
XAUUSD;2015.09.08;74098;72978
USDCAD;2015.09.15;69066;4588
USDCHF;2015.09.15;13899;1558
GBPUSD;2015.09.15;57707;3100
USDJPY;2015.09.15;70040;5636
EURUSD;2015.09.15;95738;8397
AUDUSD;2015.09.15;99182;564
_NQ100;2015.09.15;11037;24259
_DXY;2015.09.15;1764;45410
_SP500;2015.09.15;154012;77925
_DJI;2015.09.15;42469;35841
XAGUSD;2015.09.15;32603;34120
XAUUSD;2015.09.15;78146;67823
USDCAD;2015.09.22;51601;444
USDCHF;2015.09.22;18549;1481
GBPUSD;2015.09.22;56086;8555
USDJPY;2015.09.22;70991;6593
EURUSD;2015.09.22;94736;12694
AUDUSD;2015.09.22;101773;485
_NQ100;2015.09.22;4990;23779
_DXY;2015.09.22;1944;48253
_SP500;2015.09.22;125504;61973
_DJI;2015.09.22;21338;16497
XAGUSD;2015.09.22;30786;35480
XAUUSD;2015.09.22;69713;71423
USDCAD;2015.09.29;56573;1751
USDCHF;2015.09.29;20089;990
GBPUSD;2015.09.29;59425;1754
USDJPY;2015.09.29;72439;7412
EURUSD;2015.09.29;97954;9529
AUDUSD;2015.09.29;99597;2489
_NQ100;2015.09.29;5072;23488
_DXY;2015.09.29;2003;53524
_SP500;2015.09.29;120305;65651
_DJI;2015.09.29;20153;21435
XAGUSD;2015.09.29;31793;35628
XAUUSD;2015.09.29;61785;72838
USDCAD;2015.10.06;48574;2469
USDCHF;2015.10.06;20863;919
GBPUSD;2015.10.06;71364;1652
USDJPY;2015.10.06;70954;7423
EURUSD;2015.10.06;93918;20727
AUDUSD;2015.10.06;99230;9304
_NQ100;2015.10.06;5137;22723
_DXY;2015.10.06;2014;55796
_SP500;2015.10.06;122350;65369
_DJI;2015.10.06;21857;16941
XAGUSD;2015.10.06;25910;40388
XAUUSD;2015.10.06;63322;85369
USDCAD;2015.10.13;43352;3863
USDCHF;2015.10.13;17993;968
GBPUSD;2015.10.13;64563;2184
USDJPY;2015.10.13;68675;16608
EURUSD;2015.10.13;92589;40516
AUDUSD;2015.10.13;99449;22673
_NQ100;2015.10.13;5082;24685
_DXY;2015.10.13;2392;55896
_SP500;2015.10.13;108854;66752
_DJI;2015.10.13;23966;19861
XAGUSD;2015.10.13;24323;44123
XAUUSD;2015.10.13;63188;102167
USDCAD;2015.10.20;41122;15131
USDCHF;2015.10.20;16306;4886
GBPUSD;2015.10.20;54755;21357
USDJPY;2015.10.20;71595;24868
EURUSD;2015.10.20;89110;63726
AUDUSD;2015.10.20;99762;17933
_NQ100;2015.10.20;5217;29157
_DXY;2015.10.20;2463;55909
_SP500;2015.10.20;112128;73617
_DJI;2015.10.20;25308;18033
XAGUSD;2015.10.20;23031;48623
XAUUSD;2015.10.20;56278;118110
USDCAD;2015.10.27;40363;18326
USDCHF;2015.10.27;18080;1725
GBPUSD;2015.10.27;56443;18169
USDJPY;2015.10.27;89796;2171
EURUSD;2015.10.27;114510;43905
AUDUSD;2015.10.27;100706;18310
_NQ100;2015.10.27;5306;37203
_DXY;2015.10.27;3394;54683
_SP500;2015.10.27;89895;79561
_DJI;2015.10.27;23736;26646
XAGUSD;2015.10.27;22133;48303
XAUUSD;2015.10.27;56525;119427
USDCAD;2015.11.03;41392;17837
USDCHF;2015.11.03;26686;1757
GBPUSD;2015.11.03;57772;16588
USDJPY;2015.11.03;96019;1149
EURUSD;2015.11.03;130312;34374
AUDUSD;2015.11.03;104065;11074
_NQ100;2015.11.03;5081;38977
_DXY;2015.11.03;3519;56282
_SP500;2015.11.03;91795;77994
_DJI;2015.11.03;22370;40105
XAGUSD;2015.11.03;23951;47811
XAUUSD;2015.11.03;64033;99795
USDCAD;2015.11.10;42090;15265
USDCHF;2015.11.10;34366;2098
GBPUSD;2015.11.10;77347;4499
USDJPY;2015.11.10;131078;4018
EURUSD;2015.11.10;129759;25758
AUDUSD;2015.11.10;114530;2597
_NQ100;2015.11.10;5230;43931
_DXY;2015.11.10;3232;58462
_SP500;2015.11.10;105198;73571
_DJI;2015.11.10;22056;55337
XAGUSD;2015.11.10;26442;42133
XAUUSD;2015.11.10;69343;76357
USDCAD;2015.11.17;47746;9521
USDCHF;2015.11.17;41394;1890
GBPUSD;2015.11.17;83548;5236
USDJPY;2015.11.17;148283;3665
EURUSD;2015.11.17;149102;20715
AUDUSD;2015.11.17;122691;2266
_NQ100;2015.11.17;5663;43452
_DXY;2015.11.17;2973;61556
_SP500;2015.11.17;107931;67858
_DJI;2015.11.17;24047;53779
XAGUSD;2015.11.17;29748;38383
XAUUSD;2015.11.17;73481;51955
USDCAD;2015.11.24;52589;6690
USDCHF;2015.11.24;48840;1948
GBPUSD;2015.11.24;83571;6271
USDJPY;2015.11.24;147906;3209
EURUSD;2015.11.24;160535;19250
AUDUSD;2015.11.24;109891;2732
_NQ100;2015.11.24;5833;38750
_DXY;2015.11.24;2896;61697
_SP500;2015.11.24;96837;75617
_DJI;2015.11.24;23930;54155
XAGUSD;2015.11.24;30357;35577
XAUUSD;2015.11.24;66384;36889
USDCAD;2015.12.01;55054;6312
USDCHF;2015.12.01;55049;2124
GBPUSD;2015.12.01;91853;7578
USDJPY;2015.12.01;142906;3270
EURUSD;2015.12.01;162540;19082
AUDUSD;2015.12.01;104567;14882
_NQ100;2015.12.01;6324;38033
_DXY;2015.12.01;2844;62011
_SP500;2015.12.01;90454;80957
_DJI;2015.12.01;24244;57930
XAGUSD;2015.12.01;30225;36393
XAUUSD;2015.12.01;66447;37075
USDCAD;2015.12.08;57892;6508
USDCHF;2015.12.08;49680;1413
GBPUSD;2015.12.08;90930;7169
USDJPY;2015.12.08;135238;5253
EURUSD;2015.12.08;146745;19646
AUDUSD;2015.12.08;104494;29065
_NQ100;2015.12.08;6442;35165
_DXY;2015.12.08;2556;62847
_SP500;2015.12.08;75738;88377
_DJI;2015.12.08;23749;54617
XAGUSD;2015.12.08;28819;36027
XAUUSD;2015.12.08;63378;40814
USDCAD;2015.12.15;64545;1956
USDCHF;2015.12.15;20952;2045
GBPUSD;2015.12.15;87454;2958
USDJPY;2015.12.15;78460;7027
EURUSD;2015.12.15;146234;7454
AUDUSD;2015.12.15;55874;2009
_NQ100;2015.12.15;5187;38601
_DXY;2015.12.15;2058;44109
_SP500;2015.12.15;64720;88341
_DJI;2015.12.15;19408;58576
XAGUSD;2015.12.15;28907;33858
XAUUSD;2015.12.15;68154;35604
USDCAD;2015.12.22;77625;2475
USDCHF;2015.12.22;24813;2443
GBPUSD;2015.12.22;111498;2095
USDJPY;2015.12.22;85285;4985
EURUSD;2015.12.22;144981;9437
AUDUSD;2015.12.22;66943;1498
_NQ100;2015.12.22;1676;37440
_DXY;2015.12.22;1934;44403
_SP500;2015.12.22;53659;59895
_DJI;2015.12.22;18412;52868
XAGUSD;2015.12.22;26944;35096
XAUUSD;2015.12.22;70804;39111
USDCAD;2015.12.22;77625;2475
USDCHF;2015.12.22;24813;2443
GBPUSD;2015.12.22;111498;2095
USDJPY;2015.12.22;85285;4985
EURUSD;2015.12.22;144981;9437
AUDUSD;2015.12.22;66943;1498
_NQ100;2015.12.22;1676;37440
_DXY;2015.12.22;1934;44403
_SP500;2015.12.22;53659;59895
_DJI;2015.12.22;18412;52868
XAGUSD;2015.12.22;26944;35096
XAUUSD;2015.12.22;70804;39111
USDCAD;2015.12.29;81852;1923
USDCHF;2015.12.29;24826;2431
GBPUSD;2015.12.29;119550;2498
USDJPY;2015.12.29;73645;10939
EURUSD;2015.12.29;142605;10140
AUDUSD;2015.12.29;61606;1521
_NQ100;2015.12.29;2209;39691
_DXY;2015.12.29;1934;44369
_SP500;2015.12.29;51416;63400
_DJI;2015.12.29;19471;54068
XAGUSD;2015.12.29;27614;34526
XAUUSD;2015.12.29;65832;37193
USDCAD;2016.01.05;80252;1231
USDCHF;2016.01.05;26607;886
GBPUSD;2016.01.05;135234;2742
USDJPY;2016.01.05;68796;35092
EURUSD;2016.01.05;145548;11758
AUDUSD;2016.01.05;59686;1969
_NQ100;2016.01.05;2504;33856
_DXY;2016.01.05;983;53603
_SP500;2016.01.05;61170;55686
_DJI;2016.01.05;19735;43253
XAGUSD;2016.01.05;27239;34140
XAUUSD;2016.01.05;62783;37206
USDCAD;2016.01.12;78369;2072
USDCHF;2016.01.12;23859;760
GBPUSD;2016.01.12;161748;3880
USDJPY;2016.01.12;70936;67895
EURUSD;2016.01.12;139817;16492
AUDUSD;2016.01.12;80085;1431
_NQ100;2016.01.12;3312;32230
_DXY;2016.01.12;855;56514
_SP500;2016.01.12;84611;57543
_DJI;2016.01.12;20774;37194
XAGUSD;2016.01.12;27600;35287
XAUUSD;2016.01.12;52700;44470
USDCAD;2016.01.19;78751;1568
USDCHF;2016.01.19;26337;1144
GBPUSD;2016.01.19;177700;3922
USDJPY;2016.01.19;67862;82815
EURUSD;2016.01.19;130616;29924
AUDUSD;2016.01.19;95195;1432
_NQ100;2016.01.19;3296;28183
_DXY;2016.01.19;458;56937
_SP500;2016.01.19;98982;55978
_DJI;2016.01.19;24618;28639
XAGUSD;2016.01.19;26255;37509
XAUUSD;2016.01.19;53388;44569
USDCAD;2016.01.26;78188;3627
USDCHF;2016.01.26;32890;450
GBPUSD;2016.01.26;194292;4719
USDJPY;2016.01.26;65432;92636
EURUSD;2016.01.26;133705;34719
AUDUSD;2016.01.26;86027;1492
_NQ100;2016.01.26;7677;25801
_DXY;2016.01.26;310;57628
_SP500;2016.01.26;98532;60283
_DJI;2016.01.26;26598;24753
XAGUSD;2016.01.26;25869;42267
XAUUSD;2016.01.26;47192;54416
BRENT;2016.01.26;42863;424
BRENT;2016.01.19;40748;234
BRENT;2016.01.12;38360;65
BRENT;2016.01.05;37005;162
USDCAD;2016.02.02;73164;9605
USDCHF;2016.02.02;35339;2005
GBPUSD;2016.02.02;196739;4626
USDJPY;2016.02.02;69903;71054
EURUSD;2016.02.02;124323;62749
AUDUSD;2016.02.02;75776;1928
_NQ100;2016.02.02;8690;23677
_DXY;2016.02.02;303;57095
_SP500;2016.02.02;111098;51264
_DJI;2016.02.02;25314;20835
XAGUSD;2016.02.02;27221;42344
XAUUSD;2016.02.02;48605;69970
BRENT;2016.02.02;37046;402
USDCAD;2016.02.09;72800;23333
USDCHF;2016.02.09;31078;2340
GBPUSD;2016.02.09;185560;4456
USDJPY;2016.02.09;70404;89756
EURUSD;2016.02.09;125835;110810
AUDUSD;2016.02.09;53554;6886
_NQ100;2016.02.09;10995;22539
_DXY;2016.02.09;709;53768
_SP500;2016.02.09;108778;54917
_DJI;2016.02.09;28384;24436
XAGUSD;2016.02.09;24962;48228
XAUUSD;2016.02.09;52921;90104
BRENT;2016.02.09;37454;735
